Rk,Player,Nation,Pos,Squad,Age,Born,MP,Starts,Min,90s,Gls,Ast,G-PK,PK,PKatt,CrdY,CrdR,Gls,Ast,G+A,G-PK,G+A-PK,xG,npxG,xA,npxG+xA,xG,xA,xG+xA,npxG,npxG+xA,Matches\
1,Antonio Ad\'e1n\\Antonio-Adan,es ESP,GK,Atl\'e9tico Madrid,32,1987,1,0,25,0.3,0,0,0,0,0,0,0,0,0,0,0,0,0,0,0,0,0,0,0,0,0,Matches\
2,Aritz Aduriz\\Aritz-Aduriz,es ESP,FW,Athletic Club,38,1981,14,0,208,2.3,1,0,1,0,1,3,0,0.43,0,0.43,0.43,0.43,1.3,0.6,0,0.6,0.58,0,0.58,0.25,0.25,Matches\
3,Lumor Agbenyenu\\Lumor-Agbenyenu,gh GHA,DF,Mallorca,22,1996,23,20,1805,20.1,1,0,1,0,0,5,1,0.05,0,0.05,0.05,0.05,0.3,0.3,1.9,2.3,0.02,0.1,0.11,0.02,0.11,Matches\
4,Martin Agirregabiria\\Martin-Agirregabiria,es ESP,DF,Alav\'e9s,23,1996,31,23,2099,23.3,1,1,1,0,0,5,1,0.04,0.04,0.09,0.04,0.09,0.9,0.9,1,1.9,0.04,0.04,0.08,0.04,0.08,Matches\
5,Joseph Aidoo\\Joseph-Aidoo,gh GHA,DF,Celta Vigo,23,1995,32,27,2502,27.8,0,1,0,0,0,4,0,0,0.04,0.04,0,0.04,0.8,0.8,0.8,1.7,0.03,0.03,0.06,0.03,0.06,Matches\
6,Jordi Alba\\Jordi-Alba,es ESP,DF,Barcelona,30,1989,27,25,2187,24.3,2,5,2,0,0,7,0,0.08,0.21,0.29,0.08,0.29,1.1,1.1,3.3,4.3,0.04,0.14,0.18,0.04,0.18,Matches\
7,Ra\'fal Albiol\\Raul-Albiol,es ESP,DF,Villarreal,33,1985,36,36,3237,36,1,0,1,0,0,9,0,0.03,0,0.03,0.03,0.03,1.4,1.4,0.4,1.7,0.04,0.01,0.05,0.04,0.05,Matches\
8,Paco Alc\'e1cer\\Paco-Alcacer,es ESP,FW,Villarreal,25,1993,13,11,924,10.3,4,1,4,0,0,1,0,0.39,0.1,0.49,0.39,0.49,3.2,3.2,1.6,4.7,0.31,0.15,0.46,0.31,0.46,Matches\
9,Rub\'e9n Alcaraz\\Ruben-Alcaraz,es ESP,MF,Valladolid,28,1991,27,20,1927,21.4,2,2,2,0,0,10,0,0.09,0.09,0.19,0.09,0.19,1.6,1.6,0.8,2.5,0.08,0.04,0.11,0.08,0.11,Matches\
10,\'c1lex Alegr\'eda\\Alex-Alegria,es ESP,FWMF,Mallorca,26,1992,6,0,109,1.2,0,0,0,0,0,0,0,0,0,0,0,0,0,0,0,0,0,0,0,0,0,Matches\
11,Carles Ale\'f1\'e1\\Carles-Alena,es ESP,MF,Barcelona,21,1998,4,2,172,1.9,0,0,0,0,0,0,0,0,0,0,0,0,0,0,0,0,0.01,0,0.01,0.01,0.01,Matches\
12,Carles Ale\'f1\'e1\\Carles-Alena,es ESP,MFFW,Betis,21,1998,17,7,735,8.2,1,0,1,0,0,1,0,0.12,0,0.12,0.12,0.12,1.1,1.1,0.2,1.3,0.14,0.02,0.16,0.14,0.16,Matches\
13,Sergio \'c1lvarez\\Sergio-Alvarez,es ESP,MFDF,Eibar,27,1992,18,14,1147,12.7,0,0,0,0,0,6,0,0,0,0,0,0,0.2,0.2,0.2,0.5,0.02,0.02,0.04,0.02,0.04,Matches\
14,Sergio \'c1lvarez\\Sergio-Alvarez,es ESP,GK,Celta Vigo,32,1986,2,2,180,2,0,0,0,0,0,3,0,0,0,0,0,0,0,0,0,0,0,0,0,0,0,Matches\
15,Yeray \'c1lvarez\\Yeray-Alvarez,es ESP,DF,Athletic Club,24,1995,32,32,2810,31.2,0,0,0,0,0,2,0,0,0,0,0,0,1.2,1.2,0.5,1.7,0.04,0.02,0.05,0.04,0.05,Matches\
16,Ibrahim Amadou\\Ibrahim-Amadou,fr FRA,MF,Legan\'e9s,26,1993,10,9,770,8.6,0,0,0,0,0,2,0,0,0,0,0,0,0.4,0.4,0,0.4,0.04,0,0.04,0.04,0.04,Matches\
17,Amath\\Amath,sn SEN,MF,Getafe,23,1996,7,0,66,0.7,0,0,0,0,0,0,0,0,0,0,0,0,0,0,0,0,0,0,0,0,0,Matches\
18,Miguel \'c1ngel Guerrero\\Miguel-Angel-Guerrero,es ESP,FW,Legan\'e9s,29,1990,13,9,790,8.8,1,0,1,0,1,0,0,0.11,0,0.11,0.11,0.11,2.4,1.7,0.6,2.2,0.27,0.07,0.34,0.19,0.25,Matches\
19,Miguel \'c1ngel Moy\'e1\\Miguel-Angel-Moya,es ESP,GK,Real Sociedad,35,1984,13,13,1170,13,0,0,0,0,0,0,0,0,0,0,0,0,0,0,0,0,0,0,0,0,0,Matches\
20,Jos\'e9 \'c1ngel\\Jose-Angel,es ESP,DF,Eibar,29,1989,28,27,2360,26.2,1,1,1,0,0,4,0,0.04,0.04,0.08,0.04,0.08,0.6,0.6,2.4,3,0.02,0.09,0.12,0.02,0.12,Matches\
21,Anto\'f1ito\\Antonito,es ESP,DFMF,Valladolid,31,1987,15,11,1029,11.4,0,0,0,0,0,1,0,0,0,0,0,0,0.1,0.1,1.6,1.6,0.01,0.14,0.14,0.01,0.14,Matches\
22,Vitorino Antunes\\Vitorino-Antunes,pt POR,MF,Getafe,32,1987,1,0,6,0.1,0,0,0,0,0,0,0,0,0,0,0,0,0,0,0,0,0,0,0,0,0,Matches\
23,Anuar\\Anuar,ma MAR,MFFW,Valladolid,24,1995,11,1,189,2.1,0,0,0,0,0,1,0,0,0,0,0,0,0,0,0,0,0.01,0,0.01,0.01,0.01,Matches\
24,Mauro Arambarri\\Mauro-Arambarri,uy URU,MF,Getafe,23,1995,35,34,3069,34.1,1,1,1,0,0,11,1,0.03,0.03,0.06,0.03,0.06,2,2,1.6,3.6,0.06,0.05,0.1,0.06,0.1,Matches\
25,N\'e9stor Araujo\\Nestor-Araujo,mx MEX,DF,Celta Vigo,27,1991,34,32,2888,32.1,1,2,1,0,0,10,0,0.03,0.06,0.09,0.03,0.09,0.8,0.8,0.2,1.1,0.03,0.01,0.03,0.03,0.03,Matches\
26,Ronald Ara\'fajo\\Ronald-Araujo,uy URU,DF,Barcelona,20,1999,6,2,238,2.6,0,0,0,0,0,0,1,0,0,0,0,0,0.2,0.2,0,0.2,0.09,0,0.09,0.09,0.09,Matches\
27,Anaitz Arbilla\\Anaitz-Arbilla,es ESP,DF,Eibar,32,1987,24,22,2007,22.3,1,0,1,0,0,5,0,0.04,0,0.04,0.04,0.04,0.7,0.7,0.1,0.8,0.03,0.01,0.04,0.03,0.04,Matches\
28,Alphonse Areola\\Alphonse-Areola,fr FRA,GK,Real Madrid,26,1993,4,4,360,4,0,0,0,0,0,1,0,0,0,0,0,0,0,0,0,0,0,0,0,0,0,Matches\
29,Santiago Arias\\Santiago-Arias,co COL,DF,Atl\'e9tico Madrid,27,1992,14,11,1076,12,0,1,0,0,0,1,0,0,0.08,0.08,0,0.08,0.5,0.5,1.1,1.6,0.04,0.09,0.13,0.04,0.13,Matches\
30,Jos\'e9 Arnaiz\\Jose-Arnaiz,es ESP,MFFW,Legan\'e9s,24,1995,12,2,337,3.7,0,0,0,0,0,2,0,0,0,0,0,0,0.5,0.5,0.5,1,0.14,0.14,0.28,0.14,0.28,Matches\
31,Jos\'e9 Arnaiz\\Jose-Arnaiz,es ESP,FWMF,Osasuna,24,1995,14,8,791,8.8,2,1,2,0,0,2,0,0.23,0.11,0.34,0.23,0.34,1.2,1.2,0.2,1.5,0.14,0.03,0.17,0.14,0.17,Matches\
32,Sergio Asenjo\\Sergio-Asenjo,es ESP,GK,Villarreal,30,1989,34,34,3060,34,0,0,0,0,0,2,0,0,0,0,0,0,0,0,0,0,0,0,0,0,0,Matches\
33,Marco Asensio\\Marco-Asensio,es ESP,FW,Real Madrid,23,1996,9,3,336,3.7,3,1,3,0,0,0,0,0.8,0.27,1.07,0.8,1.07,1.7,1.7,1,2.7,0.45,0.27,0.71,0.45,0.71,Matches\
34,Iago Aspas\\Iago-Aspas,es ESP,FW,Celta Vigo,31,1987,37,37,3262,36.2,14,3,9,5,7,9,0,0.39,0.08,0.47,0.25,0.33,13.9,8.5,4.1,12.6,0.38,0.11,0.49,0.24,0.35,Matches\
35,Roger Assal\'e9\\Roger-Assale,ci CIV,FWMF,Legan\'e9s,25,1993,14,2,531,5.9,2,1,2,0,0,1,0,0.34,0.17,0.51,0.34,0.51,1.7,1.7,1.1,2.8,0.29,0.19,0.48,0.29,0.48,Matches\
36,Miguel Atienza\\Miguel-Atienza,es ESP,MF,Eibar,20,1999,3,0,30,0.3,0,0,0,0,0,0,0,0,0,0,0,0,0,0,0,0,0.13,0,0.13,0.13,0.13,Matches\
37,Ezequiel \'c1vila\\Ezequiel-Avila,ar ARG,FW,Osasuna,25,1994,20,18,1591,17.7,9,2,9,0,0,6,0,0.51,0.11,0.62,0.51,0.62,7,7,2.7,9.8,0.4,0.15,0.55,0.4,0.55,Matches\
38,Javier Avil\'e9s\\Javier-Aviles,es ESP,MFFW,Legan\'e9s,21,1997,9,1,184,2,1,1,1,0,0,1,0,0.49,0.49,0.98,0.49,0.98,0.5,0.5,0.9,1.4,0.25,0.45,0.7,0.25,0.7,Matches\
39,Chidozie Awaziem\\Chidozie-Awaziem,ng NGA,DF,Legan\'e9s,22,1997,26,21,1997,22.2,0,0,0,0,0,10,0,0,0,0,0,0,0.7,0.7,0.1,0.8,0.03,0.01,0.04,0.03,0.04,Matches\
40,Ramon Azeez\\Ramon-Azeez,ng NGA,MF,Granada,26,1992,25,14,1361,15.1,2,0,2,0,0,3,0,0.13,0,0.13,0.13,0.13,1.9,1.9,0.3,2.2,0.13,0.02,0.15,0.13,0.15,Matches\
41,Iddrisu Baba\\Iddrisu-Baba,gh GHA,MF,Mallorca,23,1996,36,35,2903,32.3,0,0,0,0,0,6,0,0,0,0,0,0,0.9,0.9,0.2,1.1,0.03,0.01,0.03,0.03,0.03,Matches\
42,Carlos Bacca\\Carlos-Bacca,co COL,FWMF,Villarreal,32,1986,19,7,688,7.6,2,1,2,0,0,1,0,0.26,0.13,0.39,0.26,0.39,3.1,3.1,0.5,3.6,0.41,0.06,0.47,0.41,0.47,Matches\
43,Alex Baena\\Alex-Baena,es ESP,MF,Villarreal,18,2001,1,0,15,0.2,0,0,0,0,0,0,0,0,0,0,0,0,0,0,0,0,0,0,0,0,0,Matches\
44,Gareth Bale\\Gareth-Bale,wls WAL,FWMF,Real Madrid,30,1989,16,12,1089,12.1,2,2,2,0,0,4,1,0.17,0.17,0.33,0.17,0.33,3.5,3.5,1.2,4.7,0.29,0.1,0.39,0.29,0.39,Matches\
45,Mikel Balenziaga\\Mikel-Balenziaga,es ESP,DF,Athletic Club,31,1988,9,6,563,6.3,0,0,0,0,0,1,0,0,0,0,0,0,0.1,0.1,0,0.1,0.01,0,0.01,0.01,0.01,Matches\
46,\'c9ver Banega\\Ever-Banega,ar ARG,MF,Sevilla,31,1988,33,28,2475,27.5,3,7,1,2,2,10,0,0.11,0.25,0.36,0.04,0.29,3,1.5,5.1,6.6,0.11,0.19,0.29,0.05,0.24,Matches\
47,Federico Barba\\Federico-Barba,it ITA,DF,Valladolid,25,1993,5,5,450,5,0,0,0,0,0,3,0,0,0,0,0,0,0,0,0.1,0.1,0.01,0.01,0.02,0.01,0.02,Matches\
48,Enis Bardhi\\Enis-Bardhi,mk MKD,MF,Levante,24,1995,30,23,2114,23.5,7,2,7,0,0,5,0,0.3,0.09,0.38,0.3,0.38,4.6,4.6,1.9,6.5,0.2,0.08,0.28,0.2,0.28,Matches\
49,Kike Barja\\Kike-Barja,es ESP,MFFW,Osasuna,22,1997,8,4,313,3.5,0,1,0,0,0,0,0,0,0.29,0.29,0,0.29,0.5,0.5,1,1.5,0.14,0.28,0.43,0.14,0.43,Matches\
50,Antonio Barrag\'e1n\\Antonio-Barragan,es ESP,DF,Betis,32,1987,12,7,641,7.1,0,1,0,0,0,3,0,0,0.14,0.14,0,0.14,0.1,0.1,0.6,0.7,0.01,0.08,0.09,0.01,0.09,Matches\
51,Ander Barrenetxea\\Ander-Barrenetxea,es ESP,FWMF,Real Sociedad,17,2001,17,3,442,4.9,0,0,0,0,0,1,0,0,0,0,0,0,0.8,0.8,0.5,1.3,0.16,0.1,0.26,0.16,0.26,Matches\
52,Marc Bartra\\Marc-Bartra,es ESP,DFMF,Betis,28,1991,30,29,2524,28,3,1,3,0,0,8,0,0.11,0.04,0.14,0.11,0.14,1.6,1.6,1,2.6,0.06,0.04,0.09,0.06,0.09,Matches\
53,Gil Basti\'e3o Dias\\Gil-Bastiao-Dias,pt POR,DFFW,Granada,22,1996,12,3,356,4,0,1,0,0,0,1,0,0,0.25,0.25,0,0.25,0.2,0.2,0.4,0.6,0.06,0.09,0.15,0.06,0.15,Matches\
54,Fran Beltr\'e1n\\Fran-Beltran,es ESP,MF,Celta Vigo,20,1999,28,22,1830,20.3,1,0,1,0,0,2,1,0.05,0,0.05,0.05,0.05,1.3,1.3,0.6,1.9,0.07,0.03,0.1,0.07,0.1,Matches\
55,Hatem Ben Arfa\\Hatem-Ben-Arfa,fr FRA,MFFW,Valladolid,32,1987,5,2,159,1.8,0,0,0,0,0,1,0,0,0,0,0,0,0,0,0,0.1,0.03,0.02,0.04,0.03,0.04,Matches\
56,Karim Benzema\\Karim-Benzema,fr FRA,FW,Real Madrid,31,1987,37,36,3141,34.9,21,8,16,5,5,0,0,0.6,0.23,0.83,0.46,0.69,17.4,13.6,8.4,22,0.5,0.24,0.74,0.39,0.63,Matches\
57,Yuri Berchiche\\Yuri-Berchiche,es ESP,DF,Athletic Club,29,1990,33,32,2850,31.7,2,1,2,0,0,7,0,0.06,0.03,0.09,0.06,0.09,1.4,1.4,2.6,4,0.04,0.08,0.13,0.04,0.13,Matches\
58,Markel Bergara\\Markel-Bergara,es ESP,MF,Getafe,33,1986,2,0,72,0.8,0,0,0,0,0,2,0,0,0,0,0,0,0.2,0.2,0.2,0.4,0.3,0.19,0.49,0.3,0.49,Matches\
59,Sergio Bermejo\\Sergio-Bermejo,es ESP,FW,Celta Vigo,21,1997,1,0,5,0.1,0,0,0,0,0,0,0,0,0,0,0,0,0,0,0,0,0,0,0,0,0,Matches\
60,Pedro Bigas\\Pedro-Bigas,es ESP,DF,Eibar,28,1990,23,21,1777,19.7,3,0,3,0,0,2,0,0.15,0,0.15,0.15,0.15,1.6,1.6,0.3,1.9,0.08,0.02,0.1,0.08,0.1,Matches\
61,Rub\'e9n Blanco\\Ruben-Blanco,es ESP,GK,Celta Vigo,24,1995,33,33,2960,32.9,0,0,0,0,0,4,0,0,0,0,0,0,0,0,0,0,0,0,0,0,0,Matches\
62,Pablo de Blasis\\Pablo-de-Blasis,ar ARG,DFMF,Eibar,31,1988,30,15,1604,17.8,2,3,1,1,1,1,0,0.11,0.17,0.28,0.06,0.22,2.5,1.7,2,3.7,0.14,0.11,0.25,0.1,0.21,Matches\
63,Alejandro Blesa\\Alejandro-Blesa,es ESP,MF,Levante,17,2002,1,0,2,0,0,0,0,0,0,0,0,0,0,0,0,0,0,0,0,0,0,0,0,0,0,Matches\
64,Yassine Bounou\\Yassine-Bounou,ma MAR,GK,Sevilla,28,1991,6,5,495,5.5,0,1,0,0,0,1,0,0,0.18,0.18,0,0.18,0,0,0.3,0.3,0,0.05,0.05,0,0.05,Matches\
65,Filip Bradari\uc0\u263 \\Filip-Bradaric,hr CRO,MF,Celta Vigo,27,1992,14,7,706,7.8,0,0,0,0,0,2,1,0,0,0,0,0,0.5,0.5,0.1,0.5,0.06,0.01,0.07,0.06,0.07,Matches\
66,Martin Braithwaite\\Martin-Braithwaite,dk DEN,FWMF,Legan\'e9s,28,1991,24,21,1934,21.5,6,1,6,0,1,3,0,0.28,0.05,0.33,0.28,0.33,6.7,6,1.3,7.2,0.31,0.06,0.37,0.28,0.34,Matches\
67,Martin Braithwaite\\Martin-Braithwaite,dk DEN,FWMF,Barcelona,28,1991,11,4,407,4.5,1,0,1,0,0,1,0,0.22,0,0.22,0.22,0.22,2.8,2.8,0,2.8,0.62,0.01,0.62,0.62,0.62,Matches\
68,Brandon\\Brandon,es ESP,FW,Osasuna,24,1995,8,5,406,4.5,0,1,0,0,0,4,0,0,0.22,0.22,0,0.22,0.9,0.9,0.4,1.2,0.19,0.09,0.27,0.19,0.27,Matches\
69,Darko Bra\'9aanac\\Darko-Brasanac,rs SRB,MF,Osasuna,27,1992,31,27,2245,24.9,0,1,0,0,0,8,0,0,0.04,0.04,0,0.04,1.8,1.8,1.6,3.4,0.07,0.06,0.14,0.07,0.14,Matches\
70,Yan Brice Eteki\\Yan-Brice-Eteki,cm CMR,MF,Granada,21,1997,28,18,1499,16.7,0,0,0,0,0,4,0,0,0,0,0,0,0.5,0.5,0.1,0.6,0.03,0,0.04,0.03,0.04,Matches\
71,Bryan\\Bryan,es ESP,MFFW,Legan\'e9s,18,2001,12,4,558,6.2,1,0,1,0,0,2,0,0.16,0,0.16,0.16,0.16,1,1,0.9,1.9,0.15,0.15,0.31,0.15,0.31,Matches\
72,Bryan\\Bryan,es ESP,FW,Sevilla,18,2001,2,0,65,0.7,0,0,0,0,0,2,0,0,0,0,0,0,0,0,0,0,0,0,0,0,0,Matches\
73,Ante Budimir\\Ante-Budimir,hr CRO,FW,Mallorca,28,1991,35,33,2765,30.7,13,2,11,2,2,12,0,0.42,0.07,0.49,0.36,0.42,10.4,8.8,1,9.8,0.34,0.03,0.37,0.29,0.32,Matches\
74,Esteban Burgos\\Esteban-Burgos,ar ARG,DF,Eibar,27,1992,15,11,1119,12.4,1,0,1,0,0,3,0,0.08,0,0.08,0.08,0.08,0.7,0.7,0.1,0.9,0.06,0.01,0.07,0.06,0.07,Matches\
75,Burgui\\Burgui,es ESP,MF,Alav\'e9s,25,1993,2,0,22,0.2,0,0,0,0,0,0,0,0,0,0,0,0,0,0,0,0,0,0,0,0,0,Matches\
76,Oliver Burke\\Oliver-Burke,sct SCO,MFFW,Alav\'e9s,22,1997,31,14,1429,15.9,1,2,1,0,0,2,0,0.06,0.13,0.19,0.06,0.19,3.2,3.2,1.2,4.3,0.2,0.07,0.27,0.2,0.27,Matches\
77,Sergio Busquets\\Sergio-Busquets,es ESP,MF,Barcelona,31,1988,33,29,2483,27.6,2,2,2,0,0,9,0,0.07,0.07,0.14,0.07,0.14,1.2,1.2,2.7,4,0.04,0.1,0.14,0.04,0.14,Matches\
78,Unai Bustinza\\Unai-Bustinza,es ESP,DF,Legan\'e9s,27,1992,33,31,2684,29.8,0,1,0,0,0,8,0,0,0.03,0.03,0,0.03,0.4,0.4,1.4,1.7,0.01,0.05,0.06,0.01,0.06,Matches\
79,Erick Cabaco\\Erick-Cabaco,uy URU,DF,Levante,24,1995,11,9,809,9,0,0,0,0,0,4,0,0,0,0,0,0,0.2,0.2,0.1,0.3,0.02,0.01,0.03,0.02,0.03,Matches\
80,Erick Cabaco\\Erick-Cabaco,uy URU,DF,Getafe,24,1995,4,3,267,3,0,0,0,0,0,0,0,0,0,0,0,0,0.1,0.1,0,0.1,0.04,0,0.04,0.04,0.04,Matches\
81,Ariday Cabrera\\Ariday-Cabrera,es ESP,MFFW,Mallorca,30,1988,2,0,37,0.4,0,0,0,0,0,0,0,0,0,0,0,0,0,0,0,0,0.11,0,0.11,0.11,0.11,Matches\
82,Leandro Cabrera\\Leandro-Cabrera,uy URU,DF,Getafe,28,1991,18,18,1530,17,2,0,2,0,0,3,0,0.12,0,0.12,0.12,0.12,0.9,0.9,0.2,1.1,0.05,0.01,0.06,0.05,0.06,Matches\
83,Leandro Cabrera\\Leandro-Cabrera,uy URU,DF,Espanyol,28,1991,17,17,1530,17,0,1,0,0,0,2,0,0,0.06,0.06,0,0.06,0,0,0.3,0.3,0,0.02,0.02,0,0.02,Matches\
84,Fernando Calero\\Fernando-Calero,es ESP,DF,Espanyol,23,1995,15,12,1043,11.6,0,0,0,0,0,4,1,0,0,0,0,0,0,0,0,0,0,0,0,0,0,Matches\
85,Jonathan Calleri\\Jonathan-Calleri,ar ARG,FW,Espanyol,25,1993,27,20,1811,20.1,1,3,1,0,0,6,1,0.05,0.15,0.2,0.05,0.2,3.6,3.6,2.3,5.9,0.18,0.11,0.29,0.18,0.29,Matches\
86,V\'edctor Camarasa\\Victor-Camarasa,es ESP,MF,Alav\'e9s,25,1994,17,15,1293,14.4,0,1,0,0,0,1,0,0,0.07,0.07,0,0.07,0.3,0.3,1.6,1.9,0.02,0.11,0.13,0.02,0.13,Matches\
87,Sergio Camello\\Sergio-Camello,es ESP,FW,Atl\'e9tico Madrid,18,2001,2,0,25,0.3,0,0,0,0,0,0,0,0,0,0,0,0,0,0,0,0,0,0,0,0,0,Matches\
88,Jos\'e9 Campa\'f1a\\Jose-Campana,es ESP,MF,Levante,26,1993,37,35,3156,35.1,2,7,2,0,0,4,1,0.06,0.2,0.26,0.06,0.26,2.5,2.5,5.1,7.6,0.07,0.15,0.22,0.07,0.22,Matches\
89,Xisco Campos\\Xisco-Campos,es ESP,DF,Mallorca,37,1982,9,4,473,5.3,0,1,0,0,0,2,0,0,0.19,0.19,0,0.19,0.1,0.1,0.1,0.2,0.02,0.01,0.03,0.02,0.03,Matches\
90,V\'edctor Campuzano\\Victor-Campuzano,es ESP,FWMF,Espanyol,22,1997,20,9,870,9.7,0,0,0,0,0,2,0,0,0,0,0,0,1.4,1.4,0.1,1.5,0.14,0.01,0.15,0.14,0.15,Matches\
91,Sergio Canales\\Sergio-Canales,es ESP,MFFW,Betis,28,1991,36,36,3163,35.1,6,6,3,3,4,5,0,0.17,0.17,0.34,0.09,0.26,7,4,5.7,9.7,0.2,0.16,0.36,0.11,0.28,Matches\
92,Ander Capa\\Ander-Capa,es ESP,DF,Athletic Club,27,1992,35,32,2872,31.9,3,4,3,0,0,10,0,0.09,0.13,0.22,0.09,0.22,1.1,1.1,3.4,4.5,0.04,0.11,0.14,0.04,0.14,Matches\
93,Marc Cardona\\Marc-Cardona,es ESP,FW,Osasuna,24,1995,19,9,705,7.8,1,2,1,0,0,1,0,0.13,0.26,0.38,0.13,0.38,1.9,1.9,1.4,3.3,0.24,0.18,0.42,0.24,0.42,Matches\
94,Diego Carlos\\Diego-Carlos,br BRA,DF,Sevilla,26,1993,35,35,3134,34.8,2,0,2,0,0,7,0,0.06,0,0.06,0.06,0.06,2,2,0.5,2.5,0.06,0.01,0.07,0.06,0.07,Matches\
95,Yannick Carrasco\\Yannick-Carrasco,be BEL,MFFW,Atl\'e9tico Madrid,25,1993,15,6,631,7,1,2,1,0,0,2,0,0.14,0.29,0.43,0.14,0.43,1.7,1.7,0.7,2.5,0.25,0.1,0.35,0.25,0.35,Matches\
96,Daniel Carri\'e7o\\Daniel-Carrico,pt POR,DF,Sevilla,30,1988,11,10,847,9.4,0,0,0,0,0,3,0,0,0,0,0,0,0.3,0.3,0,0.3,0.03,0,0.03,0.03,0.03,Matches\
97,Guido Carrillo\\Guido-Carrillo,ar ARG,FW,Legan\'e9s,28,1991,24,13,1213,13.5,1,2,1,0,0,2,0,0.07,0.15,0.22,0.07,0.22,4.9,4.7,0.3,5,0.36,0.02,0.38,0.35,0.37,Matches\
98,Dani Carvajal\\Dani-Carvajal,es ESP,DF,Real Madrid,27,1992,31,31,2738,30.4,1,5,1,0,0,11,0,0.03,0.16,0.2,0.03,0.2,2.7,2.7,4.3,7,0.09,0.14,0.23,0.09,0.23,Matches\
99,William Carvalho\\William-Carvalho,pt POR,MF,Betis,27,1992,13,11,892,9.9,0,0,0,0,0,6,1,0,0,0,0,0,0.5,0.5,0.8,1.4,0.05,0.08,0.14,0.05,0.14,Matches\
100,Casemiro\\Casemiro,br BRA,MF,Real Madrid,27,1992,35,35,3088,34.3,4,3,4,0,0,12,0,0.12,0.09,0.2,0.12,0.2,3.6,3.6,0.4,4,0.11,0.01,0.12,0.11,0.12,Matches\
101,Santi Cazorla\\Santi-Cazorla,es ESP,MF,Villarreal,34,1984,35,29,2450,27.2,11,9,3,8,8,3,0,0.4,0.33,0.73,0.11,0.44,8.5,2.4,6.6,9,0.31,0.24,0.55,0.09,0.33,Matches\
102,Sofian Chakla\\Sofian-Chakla,ma MAR,DF,Villarreal,25,1993,2,2,180,2,0,0,0,0,0,1,0,0,0,0,0,0,0.1,0.1,0,0.1,0.03,0,0.03,0.03,0.03,Matches\
103,Charles\\Charles,br BRA,FW,Eibar,35,1984,30,13,1301,14.5,6,0,5,1,2,8,0,0.42,0,0.42,0.35,0.35,4.5,3,0.8,3.8,0.31,0.06,0.37,0.2,0.26,Matches\
104,Pablo Chavarr\'eda\\Pablo-Chavarria,ar ARG,FWMF,Mallorca,31,1988,13,1,209,2.3,0,0,0,0,0,1,0,0,0,0,0,0,0.5,0.5,0.7,1.2,0.24,0.29,0.52,0.24,0.52,Matches\
105,Pape Cheikh Diop\\Pape-Cheikh-Diop,sn SEN,MF,Celta Vigo,21,1997,16,6,599,6.7,0,1,0,0,0,5,1,0,0.15,0.15,0,0.15,0.1,0.1,0.3,0.4,0.02,0.04,0.06,0.02,0.06,Matches\
106,Chema\\Chema,es ESP,DF,Getafe,27,1992,4,3,309,3.4,0,0,0,0,0,4,0,0,0,0,0,0,0.1,0.1,0,0.1,0.04,0,0.04,0.04,0.04,Matches\
107,Denis Cheryshev\\Denis-Cheryshev,ru RUS,MFFW,Valencia,28,1990,24,9,926,10.3,1,2,1,0,0,5,0,0.1,0.19,0.29,0.1,0.29,2.9,2.9,1.2,4.1,0.28,0.12,0.39,0.28,0.39,Matches\
108,Samuel Chukwueze\\Samuel-Chukwueze,ng NGA,MFFW,Villarreal,20,1999,37,20,2048,22.8,3,2,3,0,0,2,0,0.13,0.09,0.22,0.13,0.22,3.6,3.6,3.3,6.8,0.16,0.14,0.3,0.16,0.3,Matches\
109,Churripi\\Churripi,es ESP,GK,Valladolid,25,1994,3,3,244,2.7,0,0,0,0,0,0,0,0,0,0,0,0,0,0,0,0,0,0,0,0,0,Matches\
110,Jasper Cillessen\\Jasper-Cillessen,nl NED,GK,Valencia,30,1989,24,24,2096,23.3,0,1,0,0,0,1,0,0,0.04,0.04,0,0.04,0,0,0.1,0.1,0,0,0,0,0,Matches\
111,\'d3scar Clemente\\Oscar-Clemente,es ESP,MF,Atl\'e9tico Madrid,20,1999,1,0,4,0,0,0,0,0,0,0,0,0,0,0,0,0,0,0,0,0,0,0,0,0,0,Matches\
112,Carlos Clerc\\Carlos-Clerc,es ESP,DF,Levante,27,1992,23,20,1848,20.5,0,2,0,0,0,4,0,0,0.1,0.1,0,0.1,0.2,0.2,1.8,2,0.01,0.09,0.1,0.01,0.1,Matches\
113,Coke\\Coke,es ESP,DF,Levante,32,1987,17,11,989,11,1,0,1,0,0,3,0,0.09,0,0.09,0.09,0.09,0.6,0.6,0.4,0.9,0.05,0.03,0.09,0.05,0.09,Matches\
114,\'c1lex Collado\\Alex-Collado,es ESP,DF,Barcelona,20,1999,1,0,6,0.1,0,0,0,0,0,0,0,0,0,0,0,0,0,0,0,0,0,0,0,0,0,Matches\
115,Francis Coquelin\\Francis-Coquelin,fr FRA,MF,Valencia,28,1991,26,21,1905,21.2,0,0,0,0,0,8,1,0,0,0,0,0,0.4,0.4,0.2,0.6,0.02,0.01,0.03,0.02,0.03,Matches\
116,S\'e9bastien Corchia\\Sebastien-Corchia,fr FRA,DF,Espanyol,28,1990,3,3,269,3,0,0,0,0,0,1,0,0,0,0,0,0,0.1,0.1,0.4,0.6,0.04,0.14,0.19,0.04,0.19,Matches\
117,I\'f1igo C\'f3rdoba\\Inigo-Cordoba,es ESP,FW,Athletic Club,22,1997,24,21,1442,16,1,4,1,0,0,4,0,0.06,0.25,0.31,0.06,0.31,1.5,1.5,1.1,2.6,0.09,0.07,0.16,0.09,0.16,Matches\
118,\'c1ngel Correa\\Angel-Correa,ar ARG,MFFW,Atl\'e9tico Madrid,24,1995,33,22,2061,22.9,5,6,5,0,0,5,0,0.22,0.26,0.48,0.22,0.48,6.6,6.6,4.1,10.7,0.29,0.18,0.47,0.29,0.47,Matches\
119,Rober Correa\\Rober-Correa,es ESP,DF,Eibar,26,1992,12,11,929,10.3,0,0,0,0,0,3,0,0,0,0,0,0,0.2,0.2,0.2,0.4,0.02,0.02,0.04,0.02,0.04,Matches\
120,Thierry Correia\\Thierry-Correia,pt POR,DF,Valencia,20,1999,4,3,259,2.9,0,0,0,0,0,0,0,0,0,0,0,0,0,0,0.1,0.1,0,0.03,0.03,0,0.03,Matches\
121,Antonio Cort\'e9s\\Antonio-Cortes,es ESP,FWMF,Granada,19,2000,8,2,181,2,1,0,1,0,0,2,0,0.5,0,0.5,0.5,0.5,0.8,0.8,0.2,1,0.38,0.12,0.5,0.38,0.5,Matches\
122,Diego Costa\\Diego-Costa,es ESP,FW,Atl\'e9tico Madrid,30,1988,23,14,1350,15,5,4,3,2,3,5,0,0.33,0.27,0.6,0.2,0.47,6.8,4.6,1.8,6.4,0.46,0.12,0.58,0.3,0.43,Matches\
123,Jaume Costa\\Jaume-Costa,es ESP,DF,Valencia,31,1988,19,15,1389,15.4,0,1,0,0,0,2,1,0,0.06,0.06,0,0.06,0.1,0.1,0.6,0.6,0,0.04,0.04,0,0.04,Matches\
124,David Costas\\David-Costas,es ESP,DF,Celta Vigo,24,1995,6,3,338,3.8,0,0,0,0,0,1,0,0,0,0,0,0,0.1,0.1,0,0.1,0.03,0,0.03,0.03,0.03,Matches\
125,Thibaut Courtois\\Thibaut-Courtois,be BEL,GK,Real Madrid,27,1992,34,34,3060,34,0,0,0,0,0,1,0,0,0,0,0,0,0.1,0.1,0,0.1,0,0,0,0,0,Matches\
126,Sebasti\'e1n Crist\'f3foro\\Sebastian-Cristoforo,uy URU,MF,Eibar,25,1993,18,9,877,9.7,0,0,0,0,0,1,0,0,0,0,0,0,0.2,0.2,0.5,0.7,0.02,0.05,0.08,0.02,0.08,Matches\
127,Cucho\\Cucho,co COL,FWMF,Mallorca,20,1999,22,17,1487,16.5,5,1,5,0,0,5,1,0.3,0.06,0.36,0.3,0.36,4.2,4.2,1.3,5.5,0.26,0.08,0.34,0.26,0.34,Matches\
128,Marc Cucurella\\Marc-Cucurella,es ESP,MFDF,Getafe,21,1998,37,37,3237,36,1,5,1,0,0,9,0,0.03,0.14,0.17,0.03,0.17,1.8,1.8,4.7,6.6,0.05,0.13,0.18,0.05,0.18,Matches\
129,Iv\'e1n Cu\'e9llar\\Ivan-Cuellar,es ESP,GK,Legan\'e9s,35,1984,27,27,2429,27,0,0,0,0,0,4,1,0,0,0,0,0,0,0,0,0,0,0,0,0,0,Matches\
130,Moanes Dabour\\Moanes-Dabour,il ISR,FW,Sevilla,27,1992,2,0,26,0.3,0,0,0,0,0,0,0,0,0,0,0,0,0.1,0.1,0,0.1,0.47,0,0.47,0.47,0.47,Matches\
131,Sergi Darder\\Sergi-Darder,es ESP,MFFW,Espanyol,25,1993,36,29,2658,29.5,2,1,2,0,0,4,0,0.07,0.03,0.1,0.07,0.1,2.6,2.6,2,4.7,0.09,0.07,0.16,0.09,0.16,Matches\
132,Ousmane Demb\'e9l\'e9\\Ousmane-Dembele,fr FRA,FW,Barcelona,22,1997,5,3,357,4,1,0,1,0,0,1,1,0.25,0,0.25,0.25,0.25,1,1,0.6,1.6,0.25,0.15,0.4,0.25,0.4,Matches\
133,Deyverson\\Deyverson,br BRA,FW,Getafe,28,1991,5,3,204,2.3,0,1,0,0,0,2,0,0,0.44,0.44,0,0.44,0.6,0.6,0.6,1.1,0.25,0.24,0.5,0.25,0.5,Matches\
134,Mouctar Diakhaby\\Mouctar-Diakhaby,fr FRA,DF,Valencia,22,1996,21,15,1444,16,0,0,0,0,0,5,0,0,0,0,0,0,0,0,0,0.1,0,0,0.01,0,0.01,Matches\
135,Brahim D\'edaz\\Brahim-Diaz,es ESP,FWMF,Real Madrid,19,1999,6,0,65,0.7,0,0,0,0,0,1,0,0,0,0,0,0,0.4,0.4,0,0.4,0.61,0,0.61,0.61,0.61,Matches\
136,V\'edctor D\'edaz\\Victor-Diaz,es ESP,DF,Granada,31,1988,36,33,2884,32,1,5,1,0,0,4,0,0.03,0.16,0.19,0.03,0.19,0.7,0.7,2.9,3.7,0.02,0.09,0.11,0.02,0.11,Matches\
137,Papakouli Diop\\Papakouli-Diop,sn SEN,MF,Eibar,33,1986,30,25,2253,25,1,0,1,0,0,7,0,0.04,0,0.04,0.04,0.04,1.1,1.1,0.5,1.6,0.05,0.02,0.06,0.05,0.06,Matches\
138,Djen\'e9\\Djene,tg TOG,DF,Getafe,27,1991,34,34,3060,34,0,0,0,0,0,5,0,0,0,0,0,0,0.2,0.2,0.4,0.6,0.01,0.01,0.02,0.01,0.02,Matches\
139,Na\'efs Djouahra\\Nais-Djouahra,fr FRA,FWDF,Real Sociedad,19,1999,2,0,29,0.3,0,1,0,0,0,0,0,0,3.1,3.1,0,3.1,0.1,0.1,0.2,0.3,0.25,0.56,0.8,0.25,0.8,Matches\
140,Marko Dmitrovi\uc0\u263 \\Marko-Dmitrovic,rs SRB,GK,Eibar,27,1992,35,35,3150,35,0,0,0,0,0,3,0,0,0,0,0,0,0.4,0.4,0,0.5,0.01,0,0.01,0.01,0.01,Matches\
141,Jaume Dom\'e9nech\\Jaume-Domenech,es ESP,GK,Valencia,28,1990,15,14,1324,14.7,0,0,0,0,0,1,0,0,0,0,0,0,0,0,0,0,0,0,0,0,0,Matches\
142,Domingos Duarte\\Domingos-Duarte,pt POR,DF,Granada,24,1995,36,34,3087,34.3,3,1,3,0,0,7,0,0.09,0.03,0.12,0.09,0.12,1.2,1.2,0.1,1.3,0.04,0,0.04,0.04,0.04,Matches\
143,\'d3scar Duarte\\Oscar-Duarte,cr CRC,DF,Levante,30,1989,8,5,485,5.4,0,0,0,0,0,0,0,0,0,0,0,0,0.1,0.1,0,0.1,0.03,0,0.03,0.03,0.03,Matches\
144,Rub\'e9n Duarte\\Ruben-Duarte,es ESP,DF,Alav\'e9s,23,1995,31,30,2663,29.6,0,1,0,0,0,11,0,0,0.03,0.03,0,0.03,1.3,1.3,0.9,2.2,0.04,0.03,0.08,0.04,0.08,Matches\
145,Hugo Duro\\Hugo-Duro,es ESP,FWMF,Getafe,19,1999,12,4,378,4.2,1,1,1,0,0,3,0,0.24,0.24,0.48,0.24,0.48,1,1,0.4,1.4,0.24,0.09,0.33,0.24,0.33,Matches\
146,Aritz Elustondo\\Aritz-Elustondo,es ESP,DF,Real Sociedad,25,1994,22,17,1510,16.8,0,1,0,0,0,4,0,0,0.06,0.06,0,0.06,0.7,0.7,0.2,1,0.04,0.01,0.06,0.04,0.06,Matches\
147,Rodrigo Ely\\Rodrigo-Ely,br BRA,DF,Alav\'e9s,25,1993,25,24,2121,23.6,2,0,2,0,0,9,1,0.08,0,0.08,0.08,0.08,0.7,0.7,0.1,0.8,0.03,0,0.03,0.03,0.03,Matches\
148,Adri Embarba\\Adri-Embarba,es ESP,MFFW,Espanyol,27,1992,18,17,1371,15.2,2,4,1,1,1,4,0,0.13,0.26,0.39,0.07,0.33,2.8,2.1,1.8,3.9,0.19,0.12,0.31,0.14,0.26,Matches\
149,Emerson\\Emerson,br BRA,DF,Betis,20,1999,33,32,2839,31.5,3,6,3,0,0,11,0,0.1,0.19,0.29,0.1,0.29,1.2,1.2,4.1,5.3,0.04,0.13,0.17,0.04,0.17,Matches\
150,Youssef En-Nesyri\\Youssef-En-Nesyri,ma MAR,FW,Legan\'e9s,22,1997,18,15,1385,15.4,4,2,4,0,0,2,0,0.26,0.13,0.39,0.26,0.39,3.9,3.9,0.8,4.8,0.26,0.05,0.31,0.26,0.31,Matches\
151,Youssef En-Nesyri\\Youssef-En-Nesyri,ma MAR,FW,Sevilla,22,1997,18,7,796,8.8,4,0,4,0,0,1,0,0.45,0,0.45,0.45,0.45,3.6,3.6,0.2,3.9,0.41,0.03,0.44,0.41,0.44,Matches\
152,Sergi Enrich\\Sergi-Enrich,es ESP,FW,Eibar,29,1990,30,21,1865,20.7,1,4,1,0,0,6,0,0.05,0.19,0.24,0.05,0.24,2.6,2.6,1.4,4,0.13,0.07,0.19,0.13,0.19,Matches\
153,Javier Eraso\\Javier-Eraso,es ESP,MFFW,Legan\'e9s,29,1990,20,11,815,9.1,0,0,0,0,0,3,0,0,0,0,0,0,0.6,0.6,0.6,1.1,0.06,0.06,0.13,0.06,0.13,Matches\
154,Gonzalo Escalante\\Gonzalo-Escalante,ar ARG,MF,Eibar,26,1993,23,18,1674,18.6,0,1,0,0,0,9,1,0,0.05,0.05,0,0.05,1.7,1.7,0.7,2.4,0.09,0.04,0.13,0.09,0.13,Matches\
155,Aar\'f3n Escandell\\Aaron-Escandell,es ESP,GK,Granada,23,1995,3,3,270,3,0,0,0,0,0,0,0,0,0,0,0,0,0,0,0,0,0,0,0,0,0,Matches\
156,Sergio Escudero\\Sergio-Escudero,es ESP,DF,Sevilla,29,1989,11,8,773,8.6,1,0,1,0,0,2,0,0.12,0,0.12,0.12,0.12,0.8,0.8,0.5,1.3,0.09,0.06,0.15,0.09,0.15,Matches\
157,Bernardo Espinosa\\Bernardo-Espinosa,co COL,DF,Espanyol,30,1989,26,26,2259,25.1,3,0,3,0,0,5,1,0.12,0,0.12,0.12,0.12,1.8,1.8,0.5,2.2,0.07,0.02,0.09,0.07,0.09,Matches\
158,Vicente Esquerdo\\Vicente-Esquerdo,es ESP,MFFW,Valencia,20,1999,3,0,15,0.2,0,0,0,0,0,0,0,0,0,0,0,0,0,0,0,0,0,0,0,0,0,Matches\
159,Pervis Estupi\'f1\'e1n\\Pervis-Estupinan,ec ECU,DF,Osasuna,21,1998,36,32,2979,33.1,1,5,1,0,0,8,0,0.03,0.15,0.18,0.03,0.18,1.2,1.2,3.5,4.8,0.04,0.11,0.14,0.04,0.14,Matches\
160,Oghenekaro Etebo\\Oghenekaro-Etebo,ng NGA,MF,Getafe,23,1995,10,6,572,6.4,1,0,1,0,0,4,0,0.16,0,0.16,0.16,0.16,0.6,0.6,0.2,0.8,0.09,0.04,0.13,0.09,0.13,Matches\
161,Be\'f1at Etxebarria\\Benat-Etxebarria,es ESP,MF,Athletic Club,32,1987,11,3,394,4.4,0,0,0,0,0,0,0,0,0,0,0,0,0.1,0.1,0.5,0.6,0.03,0.11,0.13,0.03,0.13,Matches\
162,Xabier Etxeita\\Xabier-Etxeita,es ESP,DF,Getafe,31,1987,17,16,1446,16.1,0,0,0,0,0,7,0,0,0,0,0,0,0.3,0.3,0,0.4,0.02,0,0.02,0.02,0.02,Matches\
163,Edu Exp\'f3sito\\Edu-Exposito,es ESP,MF,Eibar,22,1996,35,24,2316,25.7,4,1,3,1,2,3,0,0.16,0.04,0.19,0.12,0.16,2.8,1.1,1.3,2.4,0.11,0.05,0.16,0.04,0.09,Matches\
164,Fabricio\\Fabricio,es ESP,GK,Mallorca,31,1987,1,1,90,1,0,0,0,0,0,1,0,0,0,0,0,0,0,0,0,0,0,0,0,0,0,Matches\
165,Fay\'e7al Fajr\\Faycal-Fajr,ma MAR,MF,Getafe,30,1988,10,5,403,4.5,0,0,0,0,0,2,0,0,0,0,0,0,0.4,0.4,0.5,1,0.1,0.11,0.21,0.1,0.21,Matches\
166,Eliseo Falcon\\Eliseo-Falcon,es ESP,DFMF,Levante,22,1997,1,1,73,0.8,0,0,0,0,0,2,1,0,0,0,0,0,0,0,0,0,0,0,0,0,0,Matches\
167,Ansu Fati\\Ansu-Fati,es ESP,FWDF,Barcelona,16,2002,24,11,1027,11.4,7,1,7,0,0,2,1,0.61,0.09,0.7,0.61,0.7,3.7,3.7,1.8,5.4,0.32,0.16,0.48,0.32,0.48,Matches\
168,Aleix Febas\\Aleix-Febas,es ESP,MF,Mallorca,23,1996,29,22,1690,18.8,0,3,0,0,0,4,0,0,0.16,0.16,0,0.16,0.6,0.6,1.4,2,0.03,0.08,0.11,0.03,0.11,Matches\
169,Zouhair Feddal\\Zouhair-Feddal,ma MAR,DF,Betis,30,1989,17,16,1431,15.9,1,2,1,0,0,10,2,0.06,0.13,0.19,0.06,0.19,0.8,0.8,0.7,1.4,0.05,0.04,0.09,0.05,0.09,Matches\
170,Ljubomir Fejsa\\Ljubomir-Fejsa,rs SRB,MF,Alav\'e9s,30,1988,13,11,786,8.7,0,0,0,0,0,2,0,0,0,0,0,0,0,0,0,0,0,0,0,0,0,Matches\
171,Nabil Fekir\\Nabil-Fekir,fr FRA,MFFW,Betis,26,1993,32,31,2638,29.3,7,4,6,1,1,10,2,0.24,0.14,0.38,0.2,0.34,7.4,6.6,2.6,9.2,0.25,0.09,0.34,0.23,0.31,Matches\
172,Felipe\\Felipe,br BRA,DF,Atl\'e9tico Madrid,30,1989,25,23,2102,23.4,1,0,1,0,0,7,0,0.04,0,0.04,0.04,0.04,1.1,1.1,0.1,1.2,0.05,0,0.05,0.05,0.05,Matches\
173,Jo\'e3o F\'e9lix\\Joao-Felix,pt POR,FWMF,Atl\'e9tico Madrid,19,1999,27,21,1745,19.4,6,1,6,0,0,6,0,0.31,0.05,0.36,0.31,0.36,7.4,7.4,2.6,9.9,0.38,0.13,0.51,0.38,0.51,Matches\
174,Matheus Fernandes\\Matheus-Fernandes,br BRA,MF,Valladolid,21,1998,3,2,166,1.8,0,0,0,0,0,0,0,0,0,0,0,0,0.5,0.5,0,0.6,0.3,0.02,0.31,0.3,0.31,Matches\
175,Aitor Fern\'e1ndez\\Aitor-Fernandez,es ESP,GK,Levante,28,1991,36,36,3240,36,0,0,0,0,0,2,0,0,0,0,0,0,0,0,0.2,0.2,0,0.01,0.01,0,0.01,Matches\
176,Andr\'e9s Fern\'e1ndez\\Andres-Fernandez,es ESP,GK,Villarreal,32,1986,4,4,360,4,0,1,0,0,0,1,0,0,0.25,0.25,0,0.25,0,0,0.3,0.3,0,0.07,0.07,0,0.07,Matches\
177,Carlos Fern\'e1ndez\\Carlos-Fernandez,es ESP,FWMF,Granada,23,1996,34,21,2201,24.5,10,3,9,1,1,8,0,0.41,0.12,0.53,0.37,0.49,8.7,7.9,1.7,9.6,0.36,0.07,0.42,0.32,0.39,Matches\
178,Gabriel Fern\'e1ndez\\Gabriel-Fernandez,uy URU,FWMF,Celta Vigo,25,1994,20,5,561,6.2,1,1,1,0,0,5,1,0.16,0.16,0.32,0.16,0.32,1,1,0.3,1.3,0.16,0.04,0.2,0.16,0.2,Matches\
179,Joaqu\'edn Fern\'e1ndez\\Joaquin-Fernandez,es ESP,MFDF,Valladolid,23,1996,20,19,1659,18.4,2,0,2,0,0,9,0,0.11,0,0.11,0.11,0.11,0.7,0.7,0.1,0.8,0.04,0,0.04,0.04,0.04,Matches\
180,Fernando\\Fernando,br BRA,MF,Sevilla,32,1987,34,30,2659,29.5,2,3,2,0,0,13,0,0.07,0.1,0.17,0.07,0.17,2.1,2.1,0.6,2.7,0.07,0.02,0.09,0.07,0.09,Matches\
181,Facundo Ferreyra\\Facundo-Ferreyra,ar ARG,FW,Espanyol,28,1991,16,5,574,6.4,1,0,1,0,0,2,0,0.16,0,0.16,0.16,0.16,1.2,1.2,0.4,1.5,0.19,0.05,0.24,0.19,0.24,Matches\
182,Junior Firpo\\Junior-Firpo,es ESP,DF,Barcelona,22,1996,17,11,1014,11.3,1,1,1,0,0,5,0,0.09,0.09,0.18,0.09,0.18,0.6,0.6,0.7,1.3,0.05,0.06,0.11,0.05,0.11,Matches\
183,Alessandro Florenzi\\Alessandro-Florenzi,it ITA,DF,Valencia,28,1991,12,9,752,8.4,0,0,0,0,0,1,1,0,0,0,0,0,0.3,0.3,0.7,1,0.04,0.09,0.12,0.04,0.12,Matches\
184,Hern\'e2ni Fortes\\Hernani-Fortes,pt POR,MFFW,Levante,27,1991,20,5,654,7.3,2,0,2,0,0,3,1,0.28,0,0.28,0.28,0.28,1.6,1.6,1.6,3.2,0.22,0.23,0.44,0.22,0.44,Matches\
185,Dimitri Foulquier\\Dimitri-Foulquier,fr FRA,DF,Granada,26,1993,17,12,1119,12.4,1,0,1,0,0,4,0,0.08,0,0.08,0.08,0.08,0.2,0.2,0.1,0.4,0.02,0.01,0.03,0.02,0.03,Matches\
186,Jorge de Frutos\\Jorge-de-Frutos,es ESP,MFDF,Valladolid,22,1997,3,0,59,0.7,0,0,0,0,0,0,0,0,0,0,0,0,0.1,0.1,0.1,0.2,0.18,0.1,0.28,0.18,0.28,Matches\
187,Ramiro Funes Mori\\Ramiro-Funes-Mori,ar ARG,DF,Villarreal,28,1991,7,5,453,5,0,0,0,0,0,1,0,0,0,0,0,0,0.1,0.1,0,0.1,0.01,0.01,0.02,0.01,0.02,Matches\
188,Enric Gallego\\Enric-Gallego,es ESP,FWMF,Getafe,32,1986,5,2,164,1.8,0,0,0,0,0,0,0,0,0,0,0,0,0.2,0.2,0,0.2,0.12,0,0.12,0.12,0.12,Matches\
189,Enric Gallego\\Enric-Gallego,es ESP,FW,Osasuna,32,1986,14,9,880,9.8,3,0,3,0,0,5,1,0.31,0,0.31,0.31,0.31,2.4,2.4,0.8,3.2,0.24,0.08,0.33,0.24,0.33,Matches\
190,K\'e9vin Gameiro\\Kevin-Gameiro,fr FRA,FW,Valencia,32,1987,29,17,1581,17.6,6,2,6,0,1,0,0,0.34,0.11,0.46,0.34,0.46,5.4,4.6,3,7.7,0.31,0.17,0.48,0.26,0.44,Matches\
191,Fran G\'e1mez\\Fran-Gamez,es ESP,DF,Mallorca,28,1991,23,18,1768,19.6,0,1,0,0,0,5,0,0,0.05,0.05,0,0.05,1,1,0.9,1.9,0.05,0.05,0.1,0.05,0.1,Matches\
192,Ezequiel Garay\\Ezequiel-Garay,ar ARG,DF,Valencia,32,1986,17,17,1437,16,0,0,0,0,0,2,0,0,0,0,0,0,0.5,0.5,0.1,0.6,0.03,0,0.03,0.03,0.03,Matches\
193,Dani Garc\'eda\\Dani-Garcia,es ESP,MF,Athletic Club,29,1990,36,33,3029,33.7,0,1,0,0,0,11,0,0,0.03,0.03,0,0.03,0.5,0.5,1,1.6,0.02,0.03,0.05,0.02,0.05,Matches\
194,David Garc\'eda\\David-Garcia,es ESP,DF,Osasuna,25,1994,32,31,2793,31,0,0,0,0,0,7,0,0,0,0,0,0,1.2,1.2,0.3,1.4,0.04,0.01,0.05,0.04,0.05,Matches\
195,Javi Garc\'eda\\Javi-Garcia,es ESP,MF,Betis,32,1987,8,4,377,4.2,0,0,0,0,0,2,0,0,0,0,0,0,0.2,0.2,0,0.2,0.05,0,0.05,0.05,0.05,Matches\
196,Manu Garc\'eda\\Manu-Garcia,es ESP,MF,Alav\'e9s,33,1986,30,22,1967,21.9,0,0,0,0,0,11,1,0,0,0,0,0,2,2,0.2,2.2,0.09,0.01,0.1,0.09,0.1,Matches\
197,Ra\'fal Garc\'eda\\Raul-Garcia,es ESP,MFFW,Athletic Club,33,1986,35,33,2869,31.9,15,1,8,7,7,11,0,0.47,0.03,0.5,0.25,0.28,10.8,5.4,0.9,6.3,0.34,0.03,0.37,0.17,0.2,Matches\
198,Ra\'fal Garc\'eda\\Raul-Garcia,es ESP,DFMF,Valladolid,30,1989,12,12,1012,11.2,0,1,0,0,0,2,0,0,0.09,0.09,0,0.09,0.2,0.2,0.3,0.6,0.02,0.03,0.05,0.02,0.05,Matches\
199,Ra\'fal Garc\'eda\\Raul-Garcia,es ESP,DF,Getafe,30,1989,4,3,243,2.7,0,0,0,0,0,0,0,0,0,0,0,0,0,0,0.2,0.2,0,0.07,0.07,0,0.07,Matches\
200,Rub\'e9n Garc\'eda\\Ruben-Garcia,es ESP,MFFW,Osasuna,26,1993,30,25,2188,24.3,8,2,7,1,1,6,0,0.33,0.08,0.41,0.29,0.37,6.5,5.7,3.9,9.7,0.27,0.16,0.43,0.24,0.4,Matches\
201,Unai Garc\'eda\\Unai-Garcia,es ESP,DF,Osasuna,27,1992,8,6,536,6,1,0,1,0,0,0,0,0.17,0,0.17,0.17,0.17,0.2,0.2,0.1,0.3,0.03,0.02,0.05,0.03,0.05,Matches\
202,V\'edctor Garc\'eda\\Victor-Garcia,es ESP,FWMF,Valladolid,22,1997,2,1,88,1,1,0,1,0,0,0,0,1.02,0,1.02,1.02,1.02,0.1,0.1,0.1,0.2,0.13,0.1,0.23,0.13,0.23,Matches\
203,Manuel Garrido\\Manuel-Garrido,es ESP,FW,Legan\'e9s,18,2000,4,2,115,1.3,0,0,0,0,0,1,0,0,0,0,0,0,0.3,0.3,0,0.3,0.22,0,0.22,0.22,0.22,Matches\
204,Mario Gaspar\\Mario-Gaspar,es ESP,DF,Villarreal,28,1990,25,22,1962,21.8,0,2,0,0,0,2,0,0,0.09,0.09,0,0.09,0.9,0.9,1.8,2.7,0.04,0.08,0.13,0.04,0.13,Matches\
205,Jos\'e9 Antonio Mart\'ednez Gil\\Jose-Antonio-Martinez-Gil,es ESP,DF,Granada,26,1993,20,13,1191,13.2,0,1,0,0,0,0,0,0,0.08,0.08,0,0.08,0.1,0.1,0,0.1,0,0,0,0,0,Matches\
206,Ibai G\'f3mez\\Ibai-Gomez,es ESP,FW,Athletic Club,29,1989,17,6,695,7.7,0,0,0,0,0,0,0,0,0,0,0,0,1.3,1.3,1.5,2.7,0.17,0.19,0.35,0.17,0.35,Matches\
207,Maxi G\'f3mez\\Maxi-Gomez,uy URU,FW,Valencia,22,1996,33,25,2143,23.8,9,2,9,0,1,5,0,0.38,0.08,0.46,0.38,0.46,6.2,5.4,2.2,7.7,0.26,0.09,0.35,0.23,0.32,Matches\
208,Moi G\'f3mez\\Moi-Gomez,es ESP,FWMF,Villarreal,25,1994,37,26,2319,25.8,5,4,5,0,0,1,0,0.19,0.16,0.35,0.19,0.35,3.1,3.1,3,6.2,0.12,0.12,0.24,0.12,0.24,Matches\
209,Sergi G\'f3mez\\Sergi-Gomez,es ESP,DF,Sevilla,27,1992,13,8,717,8,0,0,0,0,0,4,0,0,0,0,0,0,0.1,0.1,0.1,0.2,0.01,0.01,0.02,0.01,0.02,Matches\
210,Maxime Gonalons\\Maxime-Gonalons,fr FRA,MF,Granada,30,1989,19,17,1506,16.7,0,0,0,0,0,7,0,0,0,0,0,0,0.2,0.2,0.5,0.6,0.01,0.03,0.04,0.01,0.04,Matches\
211,Bruno Gonz\'e1lez\\Bruno-Gonzalez,es ESP,DF,Getafe,29,1990,2,2,180,2,0,0,0,0,0,1,0,0,0,0,0,0,0,0,0,0,0,0.01,0.01,0,0.01,Matches\
212,Bruno Gonz\'e1lez\\Bruno-Gonzalez,es ESP,DF,Levante,29,1990,6,5,456,5.1,0,0,0,0,0,0,0,0,0,0,0,0,0,0,0,0,0,0,0,0,0,Matches\
213,\'c9dgar Gonz\'e1lez\\Edgar-Gonzalez,es ESP,MF,Betis,22,1997,10,9,681,7.6,0,0,0,0,0,3,0,0,0,0,0,0,1,1,0,1,0.14,0,0.14,0.14,0.14,Matches\
214,Gonzalo\\Gonzalo,es ESP,DF,Levante,22,1997,1,0,13,0.1,0,0,0,0,0,0,0,0,0,0,0,0,0,0,0,0,0,0,0,0,0,Matches\
215,Andoni Gorosabel\\Andoni-Gorosabel,es ESP,DF,Real Sociedad,22,1996,14,8,714,7.9,0,0,0,0,0,2,0,0,0,0,0,0,0,0,0.4,0.4,0,0.05,0.05,0,0.05,Matches\
216,Esteban Granero\\Esteban-Granero,es ESP,MF,Espanyol,32,1987,11,5,473,5.3,1,0,1,0,0,5,0,0.19,0,0.19,0.19,0.19,1.3,1.3,0.5,1.8,0.25,0.09,0.34,0.25,0.34,Matches\
217,Antoine Griezmann\\Antoine-Griezmann,fr FRA,FW,Barcelona,28,1991,35,31,2549,28.3,9,4,9,0,0,2,0,0.32,0.14,0.46,0.32,0.46,8.2,8.2,3.8,12,0.29,0.13,0.42,0.29,0.42,Matches\
218,Andr\'e9s Guardado\\Andres-Guardado,mx MEX,MF,Betis,32,1986,28,25,2046,22.7,0,3,0,0,0,9,0,0,0.13,0.13,0,0.13,1,1,2.3,3.3,0.04,0.1,0.15,0.04,0.15,Matches\
219,Sergi Guardiola\\Sergi-Guardiola,es ESP,FW,Valladolid,28,1991,35,31,2655,29.5,8,2,8,0,1,6,0,0.27,0.07,0.34,0.27,0.34,6,5,1.7,6.7,0.2,0.06,0.26,0.17,0.23,Matches\
220,Nemanja Gudelj\\Nemanja-Gudelj,rs SRB,MFDF,Sevilla,27,1991,24,9,1216,13.5,0,0,0,0,0,6,0,0,0,0,0,0,0.3,0.3,0.1,0.4,0.02,0.01,0.03,0.02,0.03,Matches\
221,Gon\'e7alo Guedes\\Goncalo-Guedes,pt POR,MFFW,Valencia,22,1996,21,14,1266,14.1,2,2,2,0,0,3,0,0.14,0.14,0.28,0.14,0.28,1.3,1.3,1.6,2.9,0.09,0.11,0.2,0.09,0.2,Matches\
222,Adri\'e1n Guerrero\\Adrian-Guerrero,es ESP,DF,Valencia,21,1998,2,1,126,1.4,0,0,0,0,0,1,0,0,0,0,0,0,0,0,0,0,0,0,0,0,0,Matches\
223,Ander Guevara\\Ander-Guevara,es ESP,MF,Real Sociedad,22,1997,14,11,939,10.4,0,0,0,0,0,4,0,0,0,0,0,0,0,0,0.4,0.5,0,0.04,0.05,0,0.05,Matches\
224,John Guidetti\\John-Guidetti,se SWE,FWDF,Alav\'e9s,27,1992,5,1,96,1.1,0,0,0,0,0,0,0,0,0,0,0,0,0.2,0.2,0,0.2,0.19,0.04,0.23,0.19,0.23,Matches\
225,Hugo Guillam\'f3n\\Hugo-Guillamon,es ESP,DF,Valencia,19,2000,6,5,495,5.5,0,0,0,0,0,3,0,0,0,0,0,0,0,0,0,0,0,0,0,0,0,Matches\
226,Munir El Haddadi\\Munir-El-Haddadi,ma MAR,FW,Sevilla,23,1995,21,14,1250,13.9,5,2,5,0,0,1,0,0.36,0.14,0.5,0.36,0.5,3.1,3.1,1.4,4.5,0.22,0.1,0.33,0.22,0.33,Matches\
227,Eden Hazard\\Eden-Hazard,be BEL,FWMF,Real Madrid,28,1991,16,14,1077,12,1,3,1,0,0,0,0,0.08,0.25,0.33,0.08,0.33,2.4,2.4,2.6,5,0.2,0.22,0.42,0.2,0.42,Matches\
228,Mario Hermoso\\Mario-Hermoso,es ESP,DF,Atl\'e9tico Madrid,24,1995,17,15,1217,13.5,0,0,0,0,0,3,1,0,0,0,0,0,0.7,0.7,0.1,0.7,0.05,0,0.05,0.05,0.05,Matches\
229,Aridane Hern\'e1ndez\\Aridane-Hernandez,gq EQG,DF,Osasuna,30,1989,29,29,2610,29,3,0,3,0,0,8,0,0.1,0,0.1,0.1,0.1,1.6,1.6,0.2,1.9,0.06,0.01,0.07,0.06,0.07,Matches\
230,Javier Hern\'e1ndez\\Javier-Hernandez,mx MEX,FW,Sevilla,31,1988,9,4,448,5,1,0,1,0,0,0,0,0.2,0,0.2,0.2,0.2,2.5,2.5,0.3,2.8,0.5,0.06,0.56,0.5,0.56,Matches\
231,Juan Hern\'e1ndez\\Juan-Hernandez,es ESP,FWMF,Celta Vigo,24,1994,5,1,87,1,0,0,0,0,0,0,0,0,0,0,0,0,0,0,0.3,0.3,0.02,0.27,0.28,0.02,0.28,Matches\
232,H\'e9ctor Herrera\\Hector-Herrera,mx MEX,MF,Atl\'e9tico Madrid,29,1990,21,12,1123,12.5,0,2,0,0,0,1,0,0,0.16,0.16,0,0.16,0.7,0.7,1.7,2.4,0.06,0.13,0.19,0.06,0.19,Matches\
233,Sergio Herrera\\Sergio-Herrera,es ESP,GK,Osasuna,26,1993,19,18,1655,18.4,0,0,0,0,0,2,1,0,0,0,0,0,0,0,0.1,0.1,0,0.01,0.01,0,0.01,Matches\
234,Yangel Herrera\\Yangel-Herrera,ve VEN,MF,Granada,21,1998,30,28,2368,26.3,2,3,2,0,0,14,0,0.08,0.11,0.19,0.08,0.19,2.1,2.1,1.2,3.3,0.08,0.05,0.13,0.08,0.13,Matches\
235,Iago Herrer\'edn\\Iago-Herrerin,es ESP,GK,Athletic Club,31,1988,5,4,425,4.7,0,0,0,0,0,0,0,0,0,0,0,0,0,0,0,0,0,0,0,0,0,Matches\
236,Pablo Herv\'edas\\Pablo-Hervias,es ESP,MFFW,Valladolid,26,1993,25,9,1017,11.3,1,0,1,0,0,1,0,0.09,0,0.09,0.09,0.09,1,1,0.8,1.8,0.09,0.07,0.16,0.09,0.16,Matches\
237,Robert Ib\'e1\'f1ez\\Robert-Ibanez,es ESP,MFFW,Osasuna,26,1993,14,5,537,6,1,0,1,0,0,3,0,0.17,0,0.17,0.17,0.17,1.1,1.1,0.2,1.4,0.19,0.04,0.23,0.19,0.23,Matches\
238,Vicente Iborra\\Vicente-Iborra,es ESP,MF,Villarreal,31,1988,34,33,2648,29.4,1,2,1,0,0,10,1,0.03,0.07,0.1,0.03,0.1,2.7,2.7,0.6,3.3,0.09,0.02,0.11,0.09,0.11,Matches\
239,Borja Iglesias\\Borja-Iglesias,es ESP,FW,Betis,26,1993,35,21,1922,21.4,3,2,3,0,0,3,1,0.14,0.09,0.23,0.14,0.23,3.3,3.3,2,5.3,0.15,0.1,0.25,0.15,0.25,Matches\
240,Asier Illarramendi\\Asier-Illarramendi,es ESP,MF,Real Sociedad,29,1990,3,3,216,2.4,0,0,0,0,0,0,0,0,0,0,0,0,0,0,0.2,0.2,0.01,0.08,0.08,0.01,0.08,Matches\
241,Takashi Inui\\Takashi-Inui,jp JPN,MFFW,Eibar,31,1988,29,23,1960,21.8,2,3,2,0,0,2,0,0.09,0.14,0.23,0.09,0.23,3.9,3.9,1.6,5.5,0.18,0.07,0.25,0.18,0.25,Matches\
242,Alexander Isak\\Alexander-Isak,se SWE,FW,Real Sociedad,19,1999,37,14,1507,16.7,9,1,9,0,0,3,0,0.54,0.06,0.6,0.54,0.6,6.3,6.3,2.2,8.5,0.38,0.13,0.51,0.38,0.51,Matches\
243,Isco\\Isco,es ESP,FWMF,Real Madrid,27,1992,23,15,1181,13.1,1,2,1,0,0,2,0,0.08,0.15,0.23,0.08,0.23,1.5,1.5,2.1,3.6,0.12,0.16,0.28,0.12,0.28,Matches\
244,Ismael\\Ismael,es ESP,MF,Betis,18,2000,3,1,83,0.9,0,0,0,0,0,1,0,0,0,0,0,0,0,0,0,0,0,0,0,0,0,Matches\
245,Ander Iturraspe\\Ander-Iturraspe,es ESP,MF,Espanyol,30,1989,8,3,242,2.7,0,0,0,0,0,1,0,0,0,0,0,0,0,0,0,0,0,0,0,0,0,Matches\
246,Jacobo\\Jacobo,es ESP,DFMF,Celta Vigo,22,1997,2,1,83,0.9,0,0,0,0,0,1,0,0,0,0,0,0,0,0,0,0,0,0,0,0,0,Matches\
247,Adnan Januzaj\\Adnan-Januzaj,be BEL,FWMF,Real Sociedad,24,1995,24,13,1167,13,3,3,3,0,0,3,0,0.23,0.23,0.46,0.23,0.46,1.4,1.4,2.5,3.9,0.11,0.19,0.3,0.11,0.3,Matches\
248,Jason\\Jason,es ESP,MF,Getafe,25,1994,20,14,1175,13.1,1,4,1,0,0,5,0,0.08,0.31,0.38,0.08,0.38,1.5,1.5,2.3,3.8,0.12,0.17,0.29,0.12,0.29,Matches\
249,Joaqu\'edn\\Joaquin,es ESP,MFFW,Betis,38,1981,34,25,2060,22.9,8,3,6,2,3,4,0,0.35,0.13,0.48,0.26,0.39,5.5,3.2,5.4,8.7,0.24,0.24,0.48,0.14,0.38,Matches\
250,Frenkie de Jong\\Frenkie-de-Jong,nl NED,MF,Barcelona,22,1997,29,24,2115,23.5,2,2,2,0,0,3,1,0.09,0.09,0.17,0.09,0.17,1,1,2.3,3.4,0.04,0.1,0.14,0.04,0.14,Matches\
251,Luuk de Jong\\Luuk-de-Jong,nl NED,FW,Sevilla,28,1990,35,24,2059,22.9,6,1,6,0,0,2,0,0.26,0.04,0.31,0.26,0.31,7.7,7.7,2.5,10.2,0.34,0.11,0.44,0.34,0.44,Matches\
252,Joan Jord\'e1n\\Joan-Jordan,es ESP,MF,Sevilla,25,1994,34,27,2254,25,2,2,2,0,0,7,0,0.08,0.08,0.16,0.08,0.16,1.6,1.6,3.5,5.1,0.06,0.14,0.2,0.06,0.2,Matches\
253,Willian Jos\'e9\\Willian-Jose,br BRA,FW,Real Sociedad,27,1991,37,24,2011,22.3,11,1,11,0,0,4,0,0.49,0.04,0.54,0.49,0.54,10.4,10.4,1.7,12.1,0.47,0.08,0.54,0.47,0.54,Matches\
254,Joselu\\Joselu,es ESP,FW,Alav\'e9s,29,1990,36,31,2782,30.9,11,2,10,1,1,6,0,0.36,0.06,0.42,0.32,0.39,10.5,9.8,2.2,12,0.34,0.07,0.41,0.32,0.39,Matches\
255,Luka Jovi\uc0\u263 \\Luka-Jovic,rs SRB,FW,Real Madrid,21,1997,17,4,430,4.8,2,1,2,0,0,2,0,0.42,0.21,0.63,0.42,0.63,2.2,2.2,0.7,2.9,0.46,0.15,0.61,0.46,0.61,Matches\
256,Juanmi\\Juanmi,es ESP,FWMF,Betis,26,1993,8,2,264,2.9,1,0,1,0,0,2,1,0.34,0,0.34,0.34,0.34,1.3,1.3,0.1,1.4,0.45,0.05,0.49,0.45,0.49,Matches\
257,David Junc\'e0\\David-Junca,es ESP,DF,Celta Vigo,25,1993,3,3,258,2.9,0,0,0,0,0,1,0,0,0,0,0,0,0,0,0,0,0,0,0,0,0,Matches\
258,Lago Junior\\Lago-Junior,ci CIV,MFFW,Mallorca,28,1990,35,24,2188,24.3,4,0,1,3,3,3,0,0.16,0,0.16,0.04,0.04,5.3,3,1.2,4.2,0.22,0.05,0.27,0.12,0.17,Matches\
259,Vinicius J\'fanior\\Vinicius-Junior,br BRA,FWMF,Real Madrid,19,2000,29,12,1364,15.2,3,1,3,0,0,4,0,0.2,0.07,0.26,0.2,0.26,4.3,4.3,2.3,6.6,0.28,0.15,0.44,0.28,0.44,Matches\
260,Lee Kangin\\Lee-Kangin,kr KOR,MFFW,Valencia,18,2001,17,3,454,5,2,0,2,0,0,1,2,0.4,0,0.4,0.4,0.4,0.7,0.7,0.4,1.1,0.14,0.07,0.21,0.14,0.21,Matches\
261,Wilfrid Kaptoum\\Wilfrid-Kaptoum,cm CMR,MF,Betis,23,1996,5,2,194,2.2,0,0,0,0,0,1,0,0,0,0,0,0,0.1,0.1,0,0.1,0.03,0.01,0.05,0.03,0.05,Matches\
262,Kenedy\\Kenedy,br BRA,MFDF,Getafe,23,1996,19,3,586,6.5,1,3,1,0,0,2,0,0.15,0.46,0.61,0.15,0.61,0.8,0.8,0.9,1.7,0.12,0.14,0.26,0.12,0.26,Matches\
263,Kike\\Kike,es ESP,FW,Eibar,29,1989,27,20,1767,19.6,5,1,5,0,0,2,0,0.25,0.05,0.31,0.25,0.31,6,6,0.8,6.7,0.3,0.04,0.34,0.3,0.34,Matches\
264,Giorgi Kochorashvili\\Giorgi-Kochorashvili,ge GEO,MF,Levante,20,1999,1,0,2,0,0,0,0,0,0,0,0,0,0,0,0,0,0,0,0,0,0,0,0,0,0,Matches\
265,Kenan Kodro\\Kenan-Kodro,ba BIH,FWMF,Athletic Club,25,1993,12,4,364,4,1,0,1,0,0,0,0,0.25,0,0.25,0.25,0.25,0.2,0.2,0,0.2,0.05,0,0.05,0.05,0.05,Matches\
266,Koke\\Koke,es ESP,MF,Atl\'e9tico Madrid,27,1992,32,30,2698,30,4,5,4,0,0,5,0,0.13,0.17,0.3,0.13,0.3,2.4,2.3,5.4,7.7,0.08,0.18,0.26,0.08,0.26,Matches\
267,Geoffrey Kondogbia\\Geoffrey-Kondogbia,cf CTA,MF,Valencia,26,1993,27,21,1807,20.1,1,1,1,0,0,5,0,0.05,0.05,0.1,0.05,0.1,1,1,0.2,1.2,0.05,0.01,0.06,0.05,0.06,Matches\
268,Jules Kound\'e9\\Jules-Kounde,fr FRA,DF,Sevilla,20,1998,29,25,2309,25.7,1,1,1,0,0,6,0,0.04,0.04,0.08,0.04,0.08,1.9,1.9,0.5,2.4,0.07,0.02,0.09,0.07,0.09,Matches\
269,Leonardo Koutris\\Leonardo-Koutris,gr GRE,DF,Mallorca,24,1995,2,1,93,1,0,0,0,0,0,0,0,0,0,0,0,0,0,0,0.2,0.2,0,0.18,0.18,0,0.18,Matches\
270,\uc0\u304 smail K\'f6yba\u351 \u305 \\Ismail-Koybasi,tr TUR,DFFW,Granada,30,1989,4,3,231,2.6,0,0,0,0,0,1,0,0,0,0,0,0,0,0,0.2,0.2,0.01,0.07,0.08,0.01,0.08,Matches\
271,Toni Kroos\\Toni-Kroos,de GER,MF,Real Madrid,29,1990,35,31,2652,29.5,4,5,4,0,0,2,0,0.14,0.17,0.31,0.14,0.31,2.8,2.8,4,6.8,0.09,0.14,0.23,0.09,0.23,Matches\
272,Takefusa Kubo\\Takefusa-Kubo,jp JPN,MFFW,Mallorca,18,2001,35,23,2312,25.7,4,4,4,0,0,4,0,0.16,0.16,0.31,0.16,0.31,2.8,2.8,2.9,5.7,0.11,0.11,0.22,0.11,0.22,Matches\
273,V\'edctor Laguardia\\Victor-Laguardia,es ESP,DF,Alav\'e9s,29,1989,31,31,2654,29.5,1,2,1,0,0,9,1,0.03,0.07,0.1,0.03,0.1,0.8,0.8,0.9,1.7,0.03,0.03,0.06,0.03,0.06,Matches\
274,Diego Lainez\\Diego-Lainez,mx MEX,MFFW,Betis,19,2000,15,2,348,3.9,0,0,0,0,0,0,0,0,0,0,0,0,0.2,0.2,0,0.2,0.04,0.01,0.05,0.04,0.05,Matches\
275,Larra\\Larra,es ESP,FWMF,Athletic Club,21,1997,10,2,250,2.8,0,0,0,0,0,0,0,0,0,0,0,0,0.1,0.1,0.1,0.2,0.02,0.03,0.05,0.02,0.05,Matches\
276,Toni Lato\\Toni-Lato,es ESP,DFMF,Osasuna,21,1997,8,6,470,5.2,1,0,1,0,0,3,0,0.19,0,0.19,0.19,0.19,0.3,0.3,0.3,0.6,0.07,0.05,0.12,0.07,0.12,Matches\
277,Robin Le Normand\\Robin-Le-Normand,fr FRA,DF,Real Sociedad,22,1996,31,25,2394,26.6,1,0,1,0,0,6,0,0.04,0,0.04,0.04,0.04,0.9,0.9,0.3,1.2,0.03,0.01,0.04,0.03,0.04,Matches\
278,Wu Lei\\Wu-Lei,cn CHN,FWMF,Espanyol,27,1991,33,21,1719,19.1,4,0,4,0,0,3,0,0.21,0,0.21,0.21,0.21,5.5,5.5,1.7,7.2,0.29,0.09,0.38,0.29,0.38,Matches\
279,I\'f1igo Lekue\\Inigo-Lekue,es ESP,FWDF,Athletic Club,26,1993,14,6,623,6.9,0,1,0,0,0,0,0,0,0.14,0.14,0,0.14,0.2,0.2,0.8,1,0.02,0.12,0.14,0.02,0.14,Matches\
280,Thomas Lemar\\Thomas-Lemar,fr FRA,MF,Atl\'e9tico Madrid,23,1995,22,10,925,10.3,0,0,0,0,0,2,0,0,0,0,0,0,0.5,0.5,0.4,1,0.05,0.04,0.09,0.05,0.09,Matches\
281,Cl\'e9ment Lenglet\\Clement-Lenglet,fr FRA,DF,Barcelona,24,1995,28,28,2424,26.9,2,1,2,0,0,11,2,0.07,0.04,0.11,0.07,0.11,0.9,0.9,0.5,1.4,0.03,0.02,0.05,0.03,0.05,Matches\
282,Pedro Le\'f3n\\Pedro-Leon,es ESP,MFFW,Eibar,32,1986,31,23,1896,21.1,1,2,1,0,0,4,0,0.05,0.09,0.14,0.05,0.14,3,3,4.2,7.2,0.14,0.2,0.34,0.14,0.34,Matches\
283,Sergio Le\'f3n\\Sergio-Leon,es ESP,FW,Levante,30,1989,22,6,672,7.5,1,0,1,0,0,2,0,0.13,0,0.13,0.13,0.13,2.4,2.4,0.1,2.5,0.32,0.01,0.33,0.32,0.33,Matches\
284,Lillo\\Lillo,es ESP,DF,Osasuna,30,1989,4,2,195,2.2,0,0,0,0,0,2,0,0,0,0,0,0,0,0,0.1,0.2,0.02,0.06,0.08,0.02,0.08,Matches\
285,Diego Llorente\\Diego-Llorente,es ESP,DF,Real Sociedad,25,1993,29,27,2327,25.9,1,1,1,0,0,7,1,0.04,0.04,0.08,0.04,0.08,1,1,0.2,1.2,0.04,0.01,0.05,0.04,0.05,Matches\
286,Marcos Llorente\\Marcos-Llorente,es ESP,MFFW,Atl\'e9tico Madrid,24,1995,29,16,1368,15.2,3,3,3,0,0,4,0,0.2,0.2,0.39,0.2,0.39,1.9,1.9,3,4.8,0.12,0.2,0.32,0.12,0.32,Matches\
287,Stanislav Lobotka\\Stanislav-Lobotka,sk SVK,MF,Celta Vigo,24,1994,17,17,1383,15.4,0,0,0,0,0,1,0,0,0,0,0,0,0.2,0.2,0.5,0.6,0.01,0.03,0.04,0.01,0.04,Matches\
288,Renan Lodi\\Renan-Lodi,br BRA,DF,Atl\'e9tico Madrid,21,1998,32,28,2396,26.6,1,2,1,0,0,6,1,0.04,0.08,0.11,0.04,0.11,0.9,0.9,1.6,2.5,0.03,0.06,0.09,0.03,0.09,Matches\
289,Rony Lopes\\Rony-Lopes,pt POR,FWMF,Sevilla,23,1995,5,2,134,1.5,0,0,0,0,0,0,0,0,0,0,0,0,0.1,0.1,0,0.1,0.09,0,0.09,0.09,0.09,Matches\
290,Adri\'e1n L\'f3pez\\Adrian-Lopez,es ESP,FWMF,Osasuna,31,1988,26,17,1443,16,2,0,1,1,1,0,0,0.12,0,0.12,0.06,0.06,2.6,1.8,2,3.9,0.16,0.13,0.29,0.12,0.24,Matches\
291,David L\'f3pez\\David-Lopez,es ESP,DFMF,Espanyol,29,1989,32,29,2455,27.3,4,2,4,0,0,5,1,0.15,0.07,0.22,0.15,0.22,1.1,1.1,1.1,2.3,0.04,0.04,0.08,0.04,0.08,Matches\
292,Diego L\'f3pez\\Diego-Lopez,es ESP,GK,Espanyol,37,1981,36,36,3232,35.9,0,0,0,0,0,5,1,0,0,0,0,0,0,0,0,0,0,0,0,0,0,Matches\
293,Javi L\'f3pez\\Javi-Lopez,es ESP,DF,Espanyol,33,1986,17,16,1384,15.4,0,0,0,0,0,5,1,0,0,0,0,0,0.1,0.1,1,1,0.01,0.06,0.07,0.01,0.07,Matches\
294,Javi L\'f3pez\\Javi-Lopez,es ESP,DF,Alav\'e9s,17,2002,1,1,90,1,0,0,0,0,0,0,0,0,0,0,0,0,0,0,0,0,0,0,0,0,0,Matches\
295,Lluis L\'f3pez\\Lluis-Lopez,es ESP,DF,Espanyol,22,1997,4,3,300,3.3,0,0,0,0,0,1,0,0,0,0,0,0,0.1,0.1,0,0.1,0.04,0,0.04,0.04,0.04,Matches\
296,Roberto L\'f3pez\\Roberto-Lopez,es ESP,MFFW,Real Sociedad,19,2000,3,0,51,0.6,0,1,0,0,0,0,0,0,1.76,1.76,0,1.76,0,0,0.1,0.1,0,0.23,0.23,0,0.23,Matches\
297,Unai L\'f3pez\\Unai-Lopez,es ESP,MF,Athletic Club,23,1995,26,24,1787,19.9,1,4,1,0,0,6,0,0.05,0.2,0.25,0.05,0.25,0.8,0.8,3,3.9,0.04,0.15,0.19,0.04,0.19,Matches\
298,Losada\\Losada,es ESP,MFFW,Celta Vigo,17,2001,2,0,13,0.1,1,0,1,0,0,0,0,6.92,0,6.92,6.92,6.92,0,0,0,0,0.16,0,0.16,0.16,0.16,Matches\
299,Pol Lozano\\Pol-Lozano,es ESP,MFFW,Espanyol,19,1999,5,2,173,1.9,0,0,0,0,0,0,1,0,0,0,0,0,0,0,0,0,0,0,0,0,0,Matches\
300,Jos\'e9 Luis Gay\'e0\\Jose-Luis-Gaya,es ESP,DF,Valencia,24,1995,24,23,1988,22.1,0,1,0,0,0,5,0,0,0.05,0.05,0,0.05,0.5,0.5,1.7,2.2,0.02,0.08,0.1,0.02,0.1,Matches\
301,Jos\'e9 Luis Morales\\Jose-Luis-Morales,es ESP,FWMF,Levante,32,1987,38,29,2519,28,4,2,4,0,0,3,0,0.14,0.07,0.21,0.14,0.21,4.7,4.7,4.1,8.8,0.17,0.15,0.31,0.17,0.31,Matches\
302,Jos\'e9 Luis Rodr\'edguez\\Jose-Luis-Rodriguez,pa PAN,FW,Alav\'e9s,21,1998,1,0,22,0.2,0,0,0,0,0,0,0,0,0,0,0,0,0,0,0,0,0.1,0,0.1,0.1,0.1,Matches\
303,Darwin Mach\'eds\\Darwin-Machis,ve VEN,FWMF,Granada,26,1993,36,20,2129,23.7,7,5,6,1,1,5,0,0.3,0.21,0.51,0.25,0.47,6,5.2,3.6,8.9,0.25,0.15,0.41,0.22,0.37,Matches\
304,Lisandro Magall\'e1n\\Lisandro-Magallan,ar ARG,DF,Alav\'e9s,25,1993,17,13,1197,13.3,1,1,1,0,0,4,0,0.08,0.08,0.15,0.08,0.15,0.6,0.6,0.7,1.3,0.05,0.05,0.1,0.05,0.1,Matches\
305,Abdallahi Mahmoud\\Abdallahi-Mahmoud,mr MTN,MF,Alav\'e9s,19,2000,3,1,152,1.7,0,0,0,0,0,1,0,0,0,0,0,0,0,0,0,0,0,0,0,0,0,Matches\
306,Nemanja Maksimovi\uc0\u263 \\Nemanja-Maksimovic,rs SRB,MF,Getafe,24,1995,35,33,2895,32.2,2,0,2,0,0,5,0,0.06,0,0.06,0.06,0.06,3.1,3.1,0.9,4,0.1,0.03,0.12,0.1,0.12,Matches\
307,Hugo Mallo\\Hugo-Mallo,es ESP,DF,Celta Vigo,28,1991,27,22,1965,21.8,0,1,0,0,0,7,0,0,0.05,0.05,0,0.05,0.2,0.2,1.9,2,0.01,0.08,0.09,0.01,0.09,Matches\
308,A\'efssa Mandi\\Aissa-Mandi,dz ALG,DF,Betis,27,1991,29,29,2576,28.6,0,0,0,0,0,9,0,0,0,0,0,0,1.2,1.2,0.8,2.1,0.04,0.03,0.07,0.04,0.07,Matches\
309,Eliaquim Mangala\\Eliaquim-Mangala,fr FRA,DF,Valencia,28,1991,8,8,673,7.5,0,0,0,0,0,3,1,0,0,0,0,0,0.2,0.2,0,0.2,0.02,0,0.02,0.02,0.02,Matches\
310,Marcelo\\Marcelo,br BRA,DF,Real Madrid,31,1988,15,15,1296,14.4,1,2,1,0,0,2,0,0.07,0.14,0.21,0.07,0.21,0.4,0.4,2.1,2.5,0.03,0.14,0.17,0.03,0.17,Matches\
311,\'d3scar de Marcos\\Oscar-de-Marcos,es ESP,DFFW,Athletic Club,30,1989,13,6,541,6,0,1,0,0,0,1,0,0,0.17,0.17,0,0.17,0.1,0.1,1,1,0.01,0.16,0.17,0.01,0.17,Matches\
312,Miguel Mar\'ed\\Miguel-Mari,es ESP,MF,Eibar,22,1997,1,0,6,0.1,0,0,0,0,0,0,0,0,0,0,0,0,0,0,0,0,0,0,0,0,0,Matches\
313,Jos\'e9 Mar\'eda Gim\'e9nez\\Jose-Maria-Gimenez,uy URU,DF,Atl\'e9tico Madrid,24,1995,21,19,1755,19.5,0,0,0,0,0,2,0,0,0,0,0,0,0.5,0.5,0,0.5,0.03,0,0.03,0.03,0.03,Matches\
314,Mariano\\Mariano,do DOM,FW,Real Madrid,25,1993,5,0,45,0.5,1,0,1,0,0,1,0,2,0,2,2,2,0.5,0.5,0,0.5,1,0.07,1.07,1,1.07,Matches\
315,Adri\'e1n Mar\'edn\\Adrian-Marin,es ESP,DF,Alav\'e9s,22,1997,12,9,852,9.5,0,0,0,0,0,1,0,0,0,0,0,0,0.6,0.6,0.3,0.9,0.06,0.03,0.09,0.06,0.09,Matches\
316,Guillermo Marip\'e1n\\Guillermo-Maripan,cl CHI,DF,Alav\'e9s,25,1994,1,1,90,1,0,0,0,0,0,0,0,0,0,0,0,0,0,0,0,0,0,0,0,0,0,Matches\
317,Roger Mart\'ed\\Roger-Marti,es ESP,FW,Levante,28,1991,36,26,2267,25.2,11,1,7,4,4,6,1,0.44,0.04,0.48,0.28,0.32,10.4,7.4,2.7,10.1,0.41,0.11,0.52,0.29,0.4,Matches\
318,Daniel Mart\'edn\\Daniel-Martin,es ESP,GK,Betis,21,1998,6,5,531,5.9,0,0,0,0,0,0,0,0,0,0,0,0,0,0,0.1,0.1,0,0.01,0.01,0,0.01,Matches\
319,\'c1lex Mart\'ednez\\Alex-Martinez,es ESP,DF,Granada,28,1990,1,0,15,0.2,0,0,0,0,0,1,0,0,0,0,0,0,0,0,0,0,0.22,0,0.22,0.22,0.22,Matches\
320,I\'f1igo Mart\'ednez\\Inigo-Martinez,es ESP,DF,Athletic Club,28,1991,33,33,2970,33,1,1,1,0,0,10,0,0.03,0.03,0.06,0.03,0.06,1.7,1.7,0.9,2.7,0.05,0.03,0.08,0.05,0.08,Matches\
321,Javi Mart\'ednez\\Javi-Martinez,es ESP,MF,Osasuna,19,1999,1,0,10,0.1,0,0,0,0,0,0,0,0,0,0,0,0,0,0,0,0,0,0,0,0,0,Matches\
322,Pablo Mart\'ednez\\Pablo-Martinez,es ESP,MFFW,Levante,21,1998,5,0,33,0.4,0,0,0,0,0,0,0,0,0,0,0,0,0.1,0.1,0.1,0.2,0.19,0.33,0.51,0.19,0.51,Matches\
323,Jordi Masip\\Jordi-Masip,es ESP,GK,Valladolid,30,1989,35,35,3150,35,0,0,0,0,0,2,0,0,0,0,0,0,0,0,0,0,0,0,0,0,0,Matches\
324,Jaime Mata\\Jaime-Mata,es ESP,FW,Getafe,30,1988,34,33,2747,30.5,11,3,8,3,4,14,0,0.36,0.1,0.46,0.26,0.36,9.3,6.3,2.5,8.8,0.31,0.08,0.39,0.21,0.29,Matches\
325,Borja Mayoral\\Borja-Mayoral,es ESP,FW,Levante,22,1997,34,24,2140,23.8,8,2,8,0,0,2,0,0.34,0.08,0.42,0.34,0.42,7.7,7.7,2.6,10.2,0.32,0.11,0.43,0.32,0.43,Matches\
326,\'d3scar Melendo\\Oscar-Melendo,es ESP,MFFW,Espanyol,21,1997,24,12,1115,12.4,0,0,0,0,0,0,0,0,0,0,0,0,0.1,0.1,0.4,0.6,0.01,0.04,0.05,0.01,0.05,Matches\
327,Gonzalo Melero\\Gonzalo-Melero,es ESP,MF,Levante,25,1994,25,14,1236,13.7,2,1,1,1,1,4,0,0.15,0.07,0.22,0.07,0.15,2.4,1.6,0.8,2.4,0.17,0.06,0.23,0.12,0.17,Matches\
328,Arthur Melo\\Arthur-Melo,br BRA,MF,Barcelona,22,1996,21,14,1182,13.1,3,3,3,0,0,1,0,0.23,0.23,0.46,0.23,0.46,1.3,1.3,1.2,2.5,0.1,0.09,0.19,0.1,0.19,Matches\
329,Brais M\'e9ndez\\Brais-Mendez,es ESP,MFFW,Celta Vigo,22,1997,31,15,1477,16.4,0,2,0,0,0,4,0,0,0.12,0.12,0,0.12,1.5,1.5,1.1,2.6,0.09,0.06,0.16,0.09,0.16,Matches\
330,\'c9dgar M\'e9ndez\\Edgar-Mendez,es ESP,MFFW,Alav\'e9s,29,1990,16,10,864,9.6,1,0,1,0,0,3,0,0.1,0,0.1,0.1,0.1,0.5,0.5,0.6,1,0.05,0.06,0.11,0.05,0.11,Matches\
331,Ferland Mendy\\Ferland-Mendy,fr FRA,DF,Real Madrid,24,1995,25,19,1809,20.1,1,3,1,0,0,8,1,0.05,0.15,0.2,0.05,0.2,0.5,0.5,2.1,2.6,0.02,0.1,0.13,0.02,0.13,Matches\
332,Fran M\'e9rida\\Fran-Merida,es ESP,MF,Osasuna,29,1990,23,12,1161,12.9,0,1,0,0,0,9,1,0,0.08,0.08,0,0.08,0.3,0.3,0.3,0.6,0.02,0.02,0.05,0.02,0.05,Matches\
333,Mikel Merino\\Mikel-Merino,es ESP,MF,Real Sociedad,23,1996,36,35,3139,34.9,5,1,5,0,0,9,0,0.14,0.03,0.17,0.14,0.17,2.8,2.8,2.1,4.9,0.08,0.06,0.14,0.08,0.14,Matches\
334,Sabin Merino\\Sabin-Merino,es ESP,FW,Legan\'e9s,27,1992,2,1,78,0.9,0,0,0,0,0,0,0,0,0,0,0,0,0,0,0,0,0,0.03,0.03,0,0.03,Matches\
335,Roque Mesa\\Roque-Mesa,es ESP,MF,Legan\'e9s,30,1989,29,22,2012,22.4,1,3,1,0,0,11,0,0.04,0.13,0.18,0.04,0.18,1.4,1.4,2.5,3.8,0.06,0.11,0.17,0.06,0.17,Matches\
336,Lionel Messi\\Lionel-Messi,ar ARG,FWMF,Barcelona,32,1987,33,32,2880,32,25,21,20,5,5,4,0,0.78,0.66,1.44,0.62,1.28,19.2,15.4,15.3,30.7,0.6,0.48,1.08,0.48,0.96,Matches\
337,M\'edchel\\Michel,es ESP,MF,Valladolid,31,1988,29,27,2178,24.2,1,2,0,1,1,6,0,0.04,0.08,0.12,0,0.08,1.2,0.5,2.2,2.7,0.05,0.09,0.14,0.02,0.11,Matches\
338,Miguel\\Miguel,es ESP,FW,Valladolid,19,1999,7,2,232,2.6,0,0,0,0,0,1,0,0,0,0,0,0,0,0,0.6,0.6,0.02,0.22,0.24,0.02,0.24,Matches\
339,\'c9der Milit\'e3o\\Eder-Militao,br BRA,DF,Real Madrid,21,1998,15,10,1022,11.4,0,0,0,0,0,3,0,0,0,0,0,0,0.1,0.1,0,0.1,0.01,0,0.01,0.01,0.01,Matches\
340,Santi Mina\\Santi-Mina,es ESP,FWMF,Celta Vigo,23,1995,34,21,1944,21.6,6,3,6,0,0,4,0,0.28,0.14,0.42,0.28,0.42,5.6,5.6,2.4,8,0.26,0.11,0.37,0.26,0.37,Matches\
341,Jorge Miram\'f3n\\Jorge-Miramon,es ESP,DF,Levante,30,1989,32,27,2432,27,0,3,0,0,0,4,1,0,0.11,0.11,0,0.11,0.2,0.2,2.2,2.5,0.01,0.08,0.09,0.01,0.09,Matches\
342,Luka Modri\uc0\u263 \\Luka-Modric,hr CRO,MF,Real Madrid,33,1985,31,22,1996,22.2,3,7,3,0,0,7,1,0.14,0.32,0.45,0.14,0.45,2.1,2.1,3.3,5.4,0.09,0.15,0.24,0.09,0.24,Matches\
343,Jorge Molina\\Jorge-Molina,es ESP,FW,Getafe,37,1982,34,23,1886,21,5,3,3,2,2,6,1,0.24,0.14,0.38,0.14,0.29,5.5,4,3.3,7.3,0.26,0.16,0.42,0.19,0.35,Matches\
344,Jon Moncayola\\Jon-Moncayola,es ESP,MFDF,Osasuna,21,1998,27,15,1496,16.6,1,0,1,0,0,4,0,0.06,0,0.06,0.06,0.06,0.7,0.7,0.3,1,0.04,0.02,0.06,0.04,0.06,Matches\
345,Nacho Monreal\\Nacho-Monreal,es ESP,DF,Real Sociedad,33,1986,29,27,2390,26.6,2,0,2,0,0,3,0,0.08,0,0.08,0.08,0.08,2.3,2.3,1.1,3.4,0.08,0.04,0.13,0.08,0.13,Matches\
346,Joan Monterde\\Joan-Monterde,es ESP,MF,Levante,21,1997,1,0,9,0.1,0,0,0,0,0,0,0,0,0,0,0,0,0,0,0,0,0,0,0,0,0,Matches\
347,\'c1ngel Montoro\\Angel-Montoro,es ESP,MF,Granada,31,1988,15,11,973,10.8,2,5,2,0,0,6,0,0.18,0.46,0.65,0.18,0.65,1.2,1.2,1.2,2.4,0.11,0.11,0.22,0.11,0.22,Matches\
348,\'c1lvaro Morata\\Alvaro-Morata,es ESP,FW,Atl\'e9tico Madrid,26,1992,34,25,2098,23.3,12,2,10,2,3,6,1,0.51,0.09,0.6,0.43,0.51,13.1,10.8,3.6,14.4,0.56,0.15,0.71,0.46,0.62,Matches\
349,Alberto Moreno\\Alberto-Moreno,es ESP,DF,Villarreal,27,1992,18,17,1471,16.3,0,0,0,0,0,6,0,0,0,0,0,0,0.7,0.7,0.6,1.3,0.04,0.03,0.08,0.04,0.08,Matches\
350,\'c1lex Moreno\\Alex-Moreno,es ESP,DF,Betis,26,1993,31,25,2265,25.2,0,4,0,0,0,5,0,0,0.16,0.16,0,0.16,2.3,2.3,2,4.3,0.09,0.08,0.17,0.09,0.17,Matches\
351,Gerard Moreno\\Gerard-Moreno,es ESP,FWMF,Villarreal,27,1992,35,33,2744,30.5,18,5,17,1,2,5,0,0.59,0.16,0.75,0.56,0.72,13.4,11.9,6.6,18.5,0.44,0.22,0.66,0.39,0.61,Matches\
352,Manu Morlanes\\Manu-Morlanes,es ESP,MFFW,Villarreal,20,1999,9,3,253,2.8,0,1,0,0,0,0,0,0,0.36,0.36,0,0.36,0,0,0.5,0.5,0,0.18,0.18,0,0.18,Matches\
353,Loren Mor\'f3n\\Loren-Moron,es ESP,FW,Betis,25,1993,36,21,2031,22.6,10,3,10,0,0,2,1,0.44,0.13,0.58,0.44,0.58,7.9,7.9,2.6,10.4,0.35,0.11,0.46,0.35,0.46,Matches\
354,Toni Moya\\Toni-Moya,es ESP,MF,Atl\'e9tico Madrid,21,1998,1,0,4,0,0,0,0,0,0,0,0,0,0,0,0,0,0,0,0,0,0,0,0,0,0,Matches\
355,Javi Moyano\\Javi-Moyano,es ESP,DF,Valladolid,33,1986,26,26,2227,24.7,0,0,0,0,0,4,0,0,0,0,0,0,0.4,0.4,0.8,1.2,0.01,0.03,0.05,0.01,0.05,Matches\
356,Iker Muniain\\Iker-Muniain,es ESP,FWMF,Athletic Club,26,1992,31,26,2382,26.5,5,2,5,0,0,4,1,0.19,0.08,0.26,0.19,0.26,4,4,2.2,6.2,0.15,0.08,0.23,0.15,0.23,Matches\
357,Aihen Mu\'f1oz\\Aihen-Munoz,es ESP,DF,Real Sociedad,21,1997,15,11,981,10.9,0,0,0,0,0,1,0,0,0,0,0,0,0,0,0,0,0,0,0,0,0,Matches\
358,Javier Mu\'f1oz\\Javier-Munoz,es ESP,MF,Alav\'e9s,24,1995,1,1,52,0.6,0,0,0,0,0,0,0,0,0,0,0,0,0,0,0,0,0,0,0,0,0,Matches\
359,Jeison Murillo\\Jeison-Murillo,co COL,DF,Celta Vigo,27,1992,18,17,1529,17,1,0,1,0,0,5,0,0.06,0,0.06,0.06,0.06,0.4,0.4,0,0.4,0.02,0,0.02,0.02,0.02,Matches\
360,Nacho\\Nacho,es ESP,DF,Valladolid,30,1989,23,21,1893,21,0,2,0,0,0,2,0,0,0.1,0.1,0,0.1,0.4,0.4,2.6,3,0.02,0.12,0.14,0.02,0.14,Matches\
361,Nacho\\Nacho,es ESP,DF,Real Madrid,29,1990,6,4,439,4.9,1,0,1,0,0,3,0,0.21,0,0.21,0.21,0.21,0.3,0.3,0.3,0.5,0.05,0.05,0.11,0.05,0.11,Matches\
362,Naldo\\Naldo,br BRA,DF,Espanyol,30,1988,18,15,1332,14.8,0,1,0,0,0,8,1,0,0.07,0.07,0,0.07,0.3,0.3,0,0.3,0.02,0,0.02,0.02,0.02,Matches\
363,Marc Navarro\\Marc-Navarro,es ESP,DF,Legan\'e9s,24,1995,4,3,219,2.4,0,0,0,0,0,1,0,0,0,0,0,0,0.2,0.2,0,0.2,0.08,0,0.08,0.08,0.08,Matches\
364,Ximo Navarro\\Ximo-Navarro,es ESP,DF,Alav\'e9s,29,1990,23,22,1903,21.1,0,0,0,0,0,8,0,0,0,0,0,0,0.4,0.4,0.1,0.5,0.02,0.01,0.02,0.02,0.02,Matches\
365,Jes\'fas Navas\\Jesus-Navas,es ESP,DF,Sevilla,33,1985,38,37,3369,37.4,0,7,0,0,0,4,0,0,0.19,0.19,0,0.19,0.2,0.2,6.4,6.6,0.01,0.17,0.18,0.01,0.18,Matches\
366,Ra\'fal Navas\\Raul-Navas,es ESP,DF,Osasuna,31,1988,9,8,711,7.9,0,0,0,0,0,2,0,0,0,0,0,0,0,0,0.1,0.1,0,0.02,0.02,0,0.02,Matches\
367,Neto\\Neto,br BRA,GK,Barcelona,30,1989,2,2,180,2,0,0,0,0,0,0,0,0,0,0,0,0,0,0,0,0,0,0,0,0,0,Matches\
368,Carlos Neva\\Carlos-Neva,es ESP,DF,Granada,23,1996,26,25,2205,24.5,0,1,0,0,0,2,0,0,0.04,0.04,0,0.04,0.6,0.6,1.1,1.7,0.02,0.05,0.07,0.02,0.07,Matches\
369,Sa\'fal \'d1\'edguez\\Saul-Niguez,es ESP,MFDF,Atl\'e9tico Madrid,24,1994,35,35,3072,34.1,6,0,4,2,2,10,0,0.18,0,0.18,0.12,0.12,4.3,2.8,1.5,4.3,0.13,0.04,0.17,0.08,0.12,Matches\
370,Fernando Ni\'f1o\\Fernando-Nino,es ESP,FW,Villarreal,18,2000,5,1,83,0.9,1,0,1,0,0,1,0,1.08,0,1.08,1.08,1.08,0.3,0.3,0,0.3,0.29,0,0.29,0.29,0.29,Matches\
371,Nolito\\Nolito,es ESP,FW,Sevilla,32,1986,15,12,898,10,3,0,3,0,0,0,0,0.3,0,0.3,0.3,0.3,2.1,2.1,0.7,2.7,0.21,0.07,0.28,0.21,0.28,Matches\
372,Nolito\\Nolito,es ESP,FWMF,Celta Vigo,32,1986,7,1,324,3.6,2,1,1,1,1,3,1,0.56,0.28,0.83,0.28,0.56,2,1.3,0.4,1.6,0.57,0.1,0.67,0.36,0.46,Matches\
373,Unai N\'fa\'f1ez\\Unai-Nunez,es ESP,DF,Athletic Club,22,1997,20,16,1572,17.5,0,0,0,0,0,7,0,0,0,0,0,0,0.4,0.4,0.1,0.5,0.02,0.01,0.03,0.02,0.03,Matches\
374,Allan Nyom\\Allan-Nyom,cm CMR,DFMF,Getafe,31,1988,34,31,2422,26.9,2,0,2,0,0,13,2,0.07,0,0.07,0.07,0.07,0.7,0.7,0.9,1.6,0.03,0.03,0.06,0.03,0.06,Matches\
375,Jan Oblak\\Jan-Oblak,si SVN,GK,Atl\'e9tico Madrid,26,1993,38,38,3395,37.7,0,0,0,0,0,0,0,0,0,0,0,0,0,0,0,0,0,0,0,0,0,Matches\
376,Rafael Obrador\\Rafael-Obrador,es ESP,DF,Mallorca,15,2004,1,0,4,0,0,0,0,0,0,0,0,0,0,0,0,0,0,0,0,0,0,0,0,0,0,Matches\
377,Lucas Ocampos\\Lucas-Ocampos,ar ARG,FW,Sevilla,25,1994,33,31,2745,30.5,14,3,9,5,5,10,1,0.46,0.1,0.56,0.3,0.39,10.6,6.8,2.4,9.2,0.35,0.08,0.43,0.22,0.3,Matches\
378,\'c1lvaro Odriozola\\Alvaro-Odriozola,es ESP,DF,Real Madrid,23,1995,4,4,343,3.8,0,1,0,0,0,3,1,0,0.26,0.26,0,0.26,0.2,0.2,0.8,1,0.06,0.2,0.26,0.06,0.26,Matches\
379,Lucas Olaza\\Lucas-Olaza,uy URU,DF,Celta Vigo,25,1994,35,35,3144,34.9,1,3,1,0,0,5,0,0.03,0.09,0.11,0.03,0.11,0.8,0.8,3.6,4.4,0.02,0.1,0.13,0.02,0.13,Matches\
380,Oier Olaz\'e1bal\\Oier-Olazabal,es ESP,GK,Espanyol,29,1989,2,2,180,2,0,0,0,0,0,0,0,0,0,0,0,0,0,0,0,0,0,0,0,0,0,Matches\
381,Kiko Olivas\\Kiko-Olivas,es ESP,DF,Valladolid,30,1988,35,33,2943,32.7,2,0,2,0,0,2,0,0.06,0,0.06,0.06,0.06,1.6,1.6,0.2,1.8,0.05,0.01,0.05,0.05,0.05,Matches\
382,Paulo Oliveira\\Paulo-Oliveira,pt POR,DF,Eibar,27,1992,26,23,2090,23.2,1,0,1,0,0,7,1,0.04,0,0.04,0.04,0.04,1,1,0.2,1.2,0.04,0.01,0.05,0.04,0.05,Matches\
383,Math\'edas Olivera\\Mathias-Olivera,uy URU,DF,Getafe,21,1997,24,21,1870,20.8,0,1,0,0,0,7,1,0,0.05,0.05,0,0.05,0.7,0.7,0.8,1.5,0.04,0.04,0.07,0.04,0.07,Matches\
384,Kenneth Omeruo\\Kenneth-Omeruo,ng NGA,DF,Legan\'e9s,25,1993,23,22,1874,20.8,1,0,1,0,0,5,0,0.05,0,0.05,0.05,0.05,0.5,0.5,0.4,0.9,0.03,0.02,0.04,0.03,0.04,Matches\
385,Javier Ontiveros\\Javier-Ontiveros,es ESP,FWMF,Villarreal,21,1997,30,7,889,9.9,2,1,2,0,0,2,0,0.2,0.1,0.3,0.2,0.3,2.1,2.1,1.4,3.5,0.22,0.14,0.36,0.22,0.36,Matches\
386,Fabi\'e1n Orellana\\Fabian-Orellana,cl CHI,MFFW,Eibar,33,1986,29,28,2390,26.6,8,7,4,4,5,9,1,0.3,0.26,0.56,0.15,0.41,7.4,3.6,4.8,8.4,0.28,0.18,0.46,0.14,0.32,Matches\
387,Aimar Oroz\\Aimar-Oroz,es ESP,FW,Osasuna,17,2001,1,0,11,0.1,0,0,0,0,0,0,0,0,0,0,0,0,0,0,0,0,0,0,0,0,0,Matches\
388,Mikel Oyarzabal\\Mikel-Oyarzabal,es ESP,FWMF,Real Sociedad,22,1997,37,36,3051,33.9,10,11,6,4,4,4,0,0.29,0.32,0.62,0.18,0.5,8.5,5.5,7.3,12.8,0.25,0.22,0.47,0.16,0.38,Matches\
389,Fernando Pacheco\\Fernando-Pacheco,es ESP,GK,Alav\'e9s,27,1992,27,27,2358,26.2,0,0,0,0,0,0,1,0,0,0,0,0,0,0,0,0,0,0,0,0,0,Matches\
390,Jon Pacheco\\Jon-Pacheco,es ESP,DF,Real Sociedad,18,2001,1,1,77,0.9,0,0,0,0,0,0,0,0,0,0,0,0,0,0,0,0,0,0,0,0,0,Matches\
391,Daniel Parejo\\Daniel-Parejo,es ESP,MF,Valencia,30,1989,35,35,3024,33.6,8,3,3,5,6,6,1,0.24,0.09,0.33,0.09,0.18,6.2,1.7,4.1,5.8,0.19,0.12,0.31,0.05,0.17,Matches\
392,Miquel Parera\\Miquel-Parera,es ESP,GK,Mallorca,23,1996,1,1,90,1,0,0,0,0,0,0,0,0,0,0,0,0,0,0,0,0,0,0,0,0,0,Matches\
393,Thomas Partey\\Thomas-Partey,gh GHA,MF,Atl\'e9tico Madrid,26,1993,35,29,2549,28.3,3,0,3,0,0,13,0,0.11,0,0.11,0.11,0.11,1.5,1.5,1,2.4,0.05,0.03,0.09,0.05,0.09,Matches\
394,Paulino\\Paulino,es ESP,MF,Alav\'e9s,22,1997,3,0,75,0.8,0,0,0,0,0,0,0,0,0,0,0,0,0,0,0,0,0,0,0,0,0,Matches\
395,Gabriel Paulista\\Gabriel-Paulista,br BRA,DF,Valencia,28,1990,33,31,2801,31.1,1,1,1,0,0,5,0,0.03,0.03,0.06,0.03,0.06,0.7,0.7,0,0.7,0.02,0,0.02,0.02,0.02,Matches\
396,Alfonso Pedraza\\Alfonso-Pedraza,es ESP,DF,Betis,23,1996,21,15,1349,15,1,0,1,0,0,3,0,0.07,0,0.07,0.07,0.07,1.1,1.1,0.8,2,0.08,0.05,0.13,0.08,0.13,Matches\
397,Marc Pedraza\\Marc-Pedraza,es ESP,MF,Mallorca,32,1987,3,2,130,1.4,0,0,0,0,0,0,0,0,0,0,0,0,0,0,0,0,0,0,0,0,0,Matches\
398,Pedrosa\\Pedrosa,es ESP,DFMF,Espanyol,21,1998,20,11,1087,12.1,1,0,1,0,0,3,0,0.08,0,0.08,0.08,0.08,1.7,1.7,0.4,2.1,0.14,0.03,0.18,0.14,0.18,Matches\
399,Rub\'e9n Pe\'f1a\\Ruben-Pena,es ESP,DF,Villarreal,28,1991,26,21,1909,21.2,2,2,2,0,0,5,0,0.09,0.09,0.19,0.09,0.19,1.2,1.2,1.3,2.5,0.06,0.06,0.12,0.06,0.12,Matches\
400,Luis Perea\\Luis-Perea,es ESP,FWMF,Osasuna,21,1997,2,0,21,0.2,0,0,0,0,0,0,0,0,0,0,0,0,0,0,0,0,0,0,0,0,0,Matches\
401,Victor Perea\\Victor-Perea,es ESP,DF,Espanyol,19,2000,18,14,1270,14.1,0,0,0,0,0,2,0,0,0,0,0,0,0.1,0.1,0.6,0.7,0.01,0.05,0.05,0.01,0.05,Matches\
402,Carles P\'e9rez\\Carles-Perez,es ESP,FW,Barcelona,21,1998,10,5,476,5.3,1,2,1,0,0,0,0,0.19,0.38,0.57,0.19,0.57,0.9,0.9,0.3,1.2,0.16,0.06,0.22,0.16,0.22,Matches\
403,I\'f1igo P\'e9rez\\Inigo-Perez,es ESP,MF,Osasuna,31,1988,22,11,1082,12,2,1,2,0,0,4,0,0.17,0.08,0.25,0.17,0.25,1.1,1.1,0.7,1.8,0.09,0.06,0.15,0.09,0.15,Matches\
404,Juan P\'e9rez\\Juan-Perez,es ESP,GK,Osasuna,23,1996,2,2,180,2,0,0,0,0,0,0,0,0,0,0,0,0,0,0,0,0,0,0,0,0,0,Matches\
405,Kike P\'e9rez\\Kike-Perez,es ESP,MFFW,Valladolid,22,1997,6,2,218,2.4,0,0,0,0,0,1,0,0,0,0,0,0,0.5,0.5,0.1,0.6,0.21,0.05,0.26,0.21,0.26,Matches\
406,Lucas P\'e9rez\\Lucas-Perez,es ESP,FW,Alav\'e9s,30,1988,34,29,2496,27.7,11,5,6,5,5,4,0,0.4,0.18,0.58,0.22,0.4,9.9,6.1,5.9,12,0.36,0.21,0.57,0.22,0.43,Matches\
407,Rub\'e9n P\'e9rez\\Ruben-Perez,es ESP,MF,Legan\'e9s,30,1989,26,25,2194,24.4,1,1,0,1,1,9,0,0.04,0.04,0.08,0,0.04,1.1,0.3,0.5,0.8,0.04,0.02,0.06,0.01,0.03,Matches\
408,Samu P\'e9rez\\Samu-Perez,es ESP,GK,Valladolid,22,1997,1,0,26,0.3,0,0,0,0,0,0,0,0,0,0,0,0,0,0,0,0,0,0,0,0,0,Matches\
409,Pablo Piatti\\Pablo-Piatti,ar ARG,DFMF,Espanyol,30,1989,3,0,56,0.6,0,0,0,0,0,0,0,0,0,0,0,0,0.1,0.1,0,0.1,0.12,0,0.12,0.12,0.12,Matches\
410,Cristiano Piccini\\Cristiano-Piccini,it ITA,DF,Valencia,26,1992,2,1,75,0.8,0,0,0,0,0,0,0,0,0,0,0,0,0.1,0.1,0,0.1,0.11,0,0.11,0.11,0.11,Matches\
411,Tom\'e1s Pina Isla\\Tomas-Pina-Isla,es ESP,MF,Alav\'e9s,31,1987,20,17,1344,14.9,1,0,1,0,0,6,1,0.07,0,0.07,0.07,0.07,0.9,0.9,0.5,1.3,0.06,0.03,0.09,0.06,0.09,Matches\
412,Pipa\\Pipa,es ESP,DF,Espanyol,21,1998,7,5,473,5.3,0,0,0,0,0,3,0,0,0,0,0,0,0.3,0.3,0.3,0.6,0.07,0.05,0.11,0.07,0.11,Matches\
413,Gerard Piqu\'e9\\Gerard-Pique,es ESP,DF,Barcelona,32,1987,35,35,3092,34.4,1,0,1,0,0,15,0,0.03,0,0.03,0.03,0.03,2.3,2.3,0.6,2.9,0.07,0.02,0.08,0.07,0.08,Matches\
414,\'d3scar Plano\\Oscar-Plano,es ESP,MF,Valladolid,28,1991,36,28,2505,27.8,4,2,4,0,0,6,0,0.14,0.07,0.22,0.14,0.22,4.3,4.3,2.7,7,0.15,0.1,0.25,0.15,0.25,Matches\
415,Pere Pons\\Pere-Pons,es ESP,MF,Alav\'e9s,26,1993,30,7,1088,12.1,1,1,1,0,0,3,0,0.08,0.08,0.17,0.08,0.17,0.2,0.2,0.9,1.2,0.02,0.08,0.1,0.02,0.1,Matches\
416,Pedro Porro\\Pedro-Porro,es ESP,DFMF,Valladolid,19,1999,13,7,739,8.2,0,0,0,0,0,1,0,0,0,0,0,0,0,0,0.2,0.2,0,0.02,0.03,0,0.03,Matches\
417,Francisco Portillo\\Francisco-Portillo,es ESP,MF,Getafe,29,1990,16,3,376,4.2,0,2,0,0,0,3,0,0,0.48,0.48,0,0.48,0.3,0.3,0.9,1.2,0.07,0.22,0.29,0.07,0.29,Matches\
418,Portu\\Portu,es ESP,FWMF,Real Sociedad,27,1992,35,25,2393,26.6,7,7,7,0,1,5,0,0.26,0.26,0.53,0.26,0.53,5.9,5.1,5.2,10.3,0.22,0.2,0.42,0.19,0.39,Matches\
419,Sergio Postigo\\Sergio-Postigo,es ESP,DF,Levante,30,1988,28,27,2374,26.4,1,1,1,0,0,6,0,0.04,0.04,0.08,0.04,0.08,0.7,0.7,0.6,1.3,0.03,0.02,0.05,0.03,0.05,Matches\
420,Florent Poulolo\\Florent-Poulolo,fr FRA,MF,Getafe,22,1997,1,0,1,0,0,0,0,0,0,0,0,0,0,0,0,0,0,0,0,0,0,0,0,0,0,Matches\
421,Dar\'edo Poveda\\Dario-Poveda,es ESP,FW,Atl\'e9tico Madrid,22,1997,1,0,8,0.1,0,0,0,0,0,0,0,0,0,0,0,0,0.1,0.1,0,0.1,1.17,0,1.17,1.17,1.17,Matches\
422,Alejandro Pozo Pozo\\Alejandro-Pozo-Pozo,es ESP,FWMF,Sevilla,20,1999,3,0,37,0.4,0,0,0,0,0,0,0,0,0,0,0,0,0,0,0,0,0,0,0,0,0,Matches\
423,Alejandro Pozo Pozo\\Alejandro-Pozo-Pozo,es ESP,DF,Mallorca,20,1999,19,16,1498,16.6,1,2,1,0,0,0,0,0.06,0.12,0.18,0.06,0.18,0.3,0.3,1.2,1.5,0.02,0.07,0.09,0.02,0.09,Matches\
424,Abd\'f3n Prats\\Abdon-Prats,es ESP,FWMF,Mallorca,26,1992,20,0,279,3.1,0,0,0,0,1,1,0,0,0,0,0,0,1.4,0.6,0.1,0.7,0.44,0.03,0.48,0.2,0.23,Matches\
425,Antonio Puertas\\Antonio-Puertas,es ESP,FWMF,Granada,27,1992,36,27,2563,28.5,7,3,7,0,0,7,0,0.25,0.11,0.35,0.25,0.35,7.2,7.2,3.3,10.5,0.25,0.12,0.37,0.25,0.37,Matches\
426,Riqui Puig\\Riqui-Puig,es ESP,MF,Barcelona,19,1999,11,5,510,5.7,0,2,0,0,0,1,0,0,0.35,0.35,0,0.35,0.6,0.6,1.6,2.2,0.1,0.29,0.39,0.1,0.39,Matches\
427,Quini\\Quini,es ESP,DF,Granada,29,1989,10,8,718,8,0,0,0,0,0,2,0,0,0,0,0,0,0.2,0.2,0.2,0.4,0.03,0.03,0.05,0.03,0.05,Matches\
428,Xavi Quintill\'e0\\Xavi-Quintilla,es ESP,DF,Villarreal,22,1996,19,17,1573,17.5,0,2,0,0,0,6,0,0,0.11,0.11,0,0.11,0.2,0.2,1.3,1.5,0.01,0.08,0.09,0.01,0.09,Matches\
429,Quique\\Quique,es ESP,FW,Eibar,29,1990,15,4,490,5.4,0,1,0,0,0,0,0,0,0.18,0.18,0,0.18,0.7,0.7,0.3,0.9,0.12,0.05,0.17,0.12,0.17,Matches\
430,Nemanja Radoja\\Nemanja-Radoja,rs SRB,MF,Levante,26,1993,26,22,1993,22.1,1,0,1,0,0,3,0,0.05,0,0.05,0.05,0.05,0.2,0.2,0.6,0.8,0.01,0.03,0.03,0.01,0.03,Matches\
431,Rafinha\\Rafinha,br BRA,FWMF,Barcelona,26,1993,3,2,186,2.1,0,0,0,0,0,0,0,0,0,0,0,0,0.4,0.4,0.3,0.7,0.18,0.15,0.34,0.18,0.34,Matches\
432,Rafinha\\Rafinha,br BRA,MF,Celta Vigo,26,1993,29,25,2111,23.5,4,1,4,0,0,5,0,0.17,0.04,0.21,0.17,0.21,1.8,1.8,1.4,3.2,0.08,0.06,0.14,0.08,0.14,Matches\
433,Baba Rahman\\Baba-Rahman,gh GHA,DF,Mallorca,25,1994,2,2,108,1.2,0,0,0,0,0,1,0,0,0,0,0,0,0.1,0.1,0,0.1,0.07,0,0.07,0.07,0.07,Matches\
434,Antonio Raillo\\Antonio-Raillo,es ESP,DF,Mallorca,27,1991,32,32,2775,30.8,1,0,1,0,0,9,1,0.03,0,0.03,0.03,0.03,1.8,1.8,0.2,2,0.06,0.01,0.06,0.06,0.06,Matches\
435,Ivan Rakiti\uc0\u263 \\Ivan-Rakitic,hr CRO,MF,Barcelona,31,1988,31,16,1589,17.7,1,3,1,0,0,5,0,0.06,0.17,0.23,0.06,0.23,2.1,2.1,1.4,3.5,0.12,0.08,0.2,0.12,0.2,Matches\
436,Sandro Ram\'edrez\\Sandro-Ramirez,es ESP,FWMF,Valladolid,24,1995,24,15,1306,14.5,3,1,3,0,1,2,0,0.21,0.07,0.28,0.21,0.28,4.5,3.7,1.7,5.4,0.31,0.12,0.42,0.26,0.37,Matches\
437,Iv\'e1n Ramis\\Ivan-Ramis,es ESP,DF,Eibar,34,1984,7,6,457,5.1,1,0,1,0,0,1,0,0.2,0,0.2,0.2,0.2,0.2,0.2,0,0.2,0.03,0,0.03,0.03,0.03,Matches\
438,Adri\'e1n Ramos\\Adrian-Ramos,co COL,FW,Granada,33,1986,7,2,226,2.5,0,0,0,0,0,0,0,0,0,0,0,0,0.4,0.4,0.1,0.5,0.18,0.03,0.2,0.18,0.2,Matches\
439,Sergio Ramos\\Sergio-Ramos,es ESP,DF,Real Madrid,33,1986,35,35,3013,33.5,11,0,5,6,6,10,0,0.33,0,0.33,0.15,0.15,10.2,5.7,0.3,5.9,0.31,0.01,0.31,0.17,0.18,Matches\
440,Ra\'fal\\Raul,es ESP,FWMF,Betis,18,2000,3,0,19,0.2,0,0,0,0,0,0,0,0,0,0,0,0,0,0,0,0,0,0,0,0,0,Matches\
441,Recio\\Recio,es ESP,MF,Legan\'e9s,28,1991,25,18,1570,17.4,0,0,0,0,0,11,0,0,0,0,0,0,1.2,1.2,0.3,1.5,0.07,0.02,0.08,0.07,0.08,Matches\
442,Sergio Reguil\'f3n\\Sergio-Reguilon,es ESP,DF,Sevilla,22,1996,31,29,2509,27.9,2,4,2,0,0,8,0,0.07,0.14,0.22,0.07,0.22,1.8,1.8,3.7,5.5,0.06,0.13,0.2,0.06,0.2,Matches\
443,Manolo Reina\\Manolo-Reina,es ESP,GK,Mallorca,34,1985,36,36,3240,36,0,0,0,0,0,4,0,0,0,0,0,0,0,0,0,0,0,0,0,0,0,Matches\
444,\'c1lex Remiro\\Alex-Remiro,es ESP,GK,Real Sociedad,24,1995,25,25,2250,25,0,0,0,0,0,0,0,0,0,0,0,0,0.1,0.1,0,0.1,0,0,0.01,0,0.01,Matches\
445,Nico Ribaudo\\Nico-Ribaudo,es ESP,FWMF,Espanyol,18,2001,6,2,182,2,0,0,0,0,0,1,0,0,0,0,0,0,0.1,0.1,0.8,0.9,0.06,0.37,0.44,0.06,0.44,Matches\
446,Luis Rioja\\Luis-Rioja,es ESP,MF,Alav\'e9s,25,1993,28,19,1634,18.2,0,0,0,0,0,3,0,0,0,0,0,0,0.5,0.5,2.2,2.7,0.03,0.12,0.15,0.03,0.15,Matches\
447,Rodrigo Riquelme\\Rodrigo-Riquelme,es ESP,MF,Atl\'e9tico Madrid,19,2000,1,0,13,0.1,0,0,0,0,0,0,0,0,0,0,0,0,0.1,0.1,0,0.1,0.82,0,0.82,0.82,0.82,Matches\
448,Cristian Rivera\\Cristian-Rivera,es ESP,MF,Legan\'e9s,22,1997,5,3,311,3.5,0,0,0,0,0,3,0,0,0,0,0,0,0,0,0.1,0.2,0.01,0.04,0.05,0.01,0.05,Matches\
449,Rober\\Rober,es ESP,DF,Levante,24,1995,4,2,191,2.1,0,0,0,0,0,0,0,0,0,0,0,0,0,0,0,0,0,0,0,0,0,Matches\
450,Roberto\\Roberto,es ESP,GK,Alav\'e9s,33,1986,9,8,790,8.8,0,0,0,0,0,1,0,0,0,0,0,0,0,0,0,0,0,0,0,0,0,Matches\
451,Sergi Roberto\\Sergi-Roberto,es ESP,DFMF,Barcelona,27,1992,30,27,2339,26,1,2,1,0,0,8,0,0.04,0.08,0.12,0.04,0.12,0.8,0.8,2.4,3.2,0.03,0.09,0.12,0.03,0.12,Matches\
452,Joel Robles\\Joel-Robles,es ESP,GK,Betis,29,1990,33,33,2887,32.1,0,0,0,0,0,3,1,0,0,0,0,0,0,0,0,0,0,0,0,0,0,Matches\
453,Marc Roca\\Marc-Roca,es ESP,MF,Espanyol,22,1996,35,35,3008,33.4,2,1,0,2,2,8,0,0.06,0.03,0.09,0,0.03,2.3,0.8,2.6,3.4,0.07,0.08,0.15,0.02,0.1,Matches\
454,Rub\'e9n Rochina\\Ruben-Rochina,es ESP,MF,Levante,28,1991,28,22,1875,20.8,5,3,5,0,0,5,0,0.24,0.14,0.38,0.24,0.38,2.6,2.6,2.6,5.2,0.13,0.13,0.25,0.13,0.25,Matches\
455,Rodrigo\\Rodrigo,es ESP,FW,Valencia,28,1991,27,23,1880,20.9,4,7,4,0,0,2,1,0.19,0.34,0.53,0.19,0.53,5.7,5.7,4.4,10.1,0.27,0.21,0.48,0.27,0.48,Matches\
456,K\'e9vin Rodrigues\\Kevin-Rodrigues,pt POR,DF,Real Sociedad,25,1994,1,0,6,0.1,0,0,0,0,0,0,0,0,0,0,0,0,0,0,0,0,0,0,0,0,0,Matches\
457,K\'e9vin Rodrigues\\Kevin-Rodrigues,pt POR,DFMF,Legan\'e9s,25,1994,26,22,1931,21.5,1,2,1,0,0,6,1,0.05,0.09,0.14,0.05,0.14,1.1,1.1,3.4,4.5,0.05,0.16,0.21,0.05,0.21,Matches\
458,\'d3scar Rodr\'edguez Arnaiz\\Oscar-Rodriguez-Arnaiz,es ESP,MFFW,Legan\'e9s,21,1998,30,22,1914,21.3,9,2,7,2,2,6,1,0.42,0.09,0.52,0.33,0.42,4.6,3.1,2.9,6,0.22,0.14,0.35,0.14,0.28,Matches\
459,\'c1ngel Rodr\'edguez\\Angel-Rodriguez,es ESP,FW,Getafe,32,1987,32,9,1407,15.6,10,3,9,1,1,6,0,0.64,0.19,0.83,0.58,0.77,6.4,5.6,1.7,7.3,0.41,0.11,0.52,0.36,0.47,Matches\
460,Dani Rodr\'edguez\\Dani-Rodriguez,es ESP,MFFW,Mallorca,31,1988,37,36,3039,33.8,5,2,4,1,1,7,0,0.15,0.06,0.21,0.12,0.18,4.5,3.8,2.2,6,0.13,0.07,0.2,0.11,0.18,Matches\
461,Guido Rodr\'edguez\\Guido-Rodriguez,ar ARG,MF,Betis,25,1994,14,11,936,10.4,1,0,1,0,0,5,0,0.1,0,0.1,0.1,0.1,1,1,0,1,0.09,0,0.09,0.09,0.09,Matches\
462,James Rodr\'edguez\\James-Rodriguez,co COL,MF,Real Madrid,28,1991,8,5,419,4.7,1,1,1,0,0,1,0,0.21,0.21,0.43,0.21,0.43,0.9,0.9,1.8,2.7,0.19,0.39,0.58,0.19,0.58,Matches\
463,Mario Rodriguez\\Mario-Rodriguez,es ESP,FW,Granada,22,1997,1,0,2,0,0,0,0,0,0,0,0,0,0,0,0,0,0,0,0,0,0,0,0,0,0,Matches\
464,Rodrygo\\Rodrygo,br BRA,FW,Real Madrid,18,2001,19,12,1019,11.3,2,0,2,0,0,0,0,0.18,0,0.18,0.18,0.18,2.6,2.6,1,3.6,0.23,0.09,0.32,0.23,0.32,Matches\
465,Luka Romero\\Luka-Romero,ar ARG,MF,Mallorca,14,2004,1,0,8,0.1,0,0,0,0,0,0,0,0,0,0,0,0,0,0,0,0,0,0,0,0,0,Matches\
466,Facundo Roncaglia\\Facundo-Roncaglia,ar ARG,DF,Osasuna,32,1987,16,15,1277,14.2,1,0,1,0,0,4,2,0.07,0,0.07,0.07,0.07,0,0,0.2,0.2,0,0.01,0.02,0,0.02,Matches\
467,Roberto Rosales\\Roberto-Rosales,ve VEN,DF,Legan\'e9s,30,1988,25,21,1871,20.8,0,1,0,0,0,7,0,0,0.05,0.05,0,0.05,0.4,0.4,2.1,2.4,0.02,0.1,0.12,0.02,0.12,Matches\
468,Rub\'e9n\\Ruben,es ESP,GK,Osasuna,35,1984,19,18,1583,17.6,0,0,0,0,0,0,0,0,0,0,0,0,0,0,0,0,0,0,0,0,0,Matches\
469,Waldo Rubio\\Waldo-Rubio,es ESP,MFFW,Valladolid,23,1995,21,9,878,9.8,0,2,0,0,0,6,0,0,0.21,0.21,0,0.21,0.6,0.6,1,1.6,0.06,0.11,0.17,0.06,0.17,Matches\
470,Aitor Ruibal\\Aitor-Ruibal,es ESP,DFFW,Legan\'e9s,23,1996,25,13,1220,13.6,0,0,0,0,0,4,0,0,0,0,0,0,0.7,0.7,0.8,1.6,0.05,0.06,0.12,0.05,0.12,Matches\
471,Jorge S\'e1enz\\Jorge-Saenz,es ESP,DFFW,Celta Vigo,22,1996,7,5,371,4.1,0,0,0,0,0,3,1,0,0,0,0,0,0,0,0,0,0,0,0,0,0,Matches\
472,Borja Sainz\\Borja-Sainz,es ESP,MFFW,Alav\'e9s,18,2001,19,5,573,6.4,1,0,1,0,0,1,0,0.16,0,0.16,0.16,0.16,1.3,1.3,0.5,1.8,0.2,0.07,0.28,0.2,0.28,Matches\
473,Yannis Salibur\\Yannis-Salibur,fr FRA,MFFW,Mallorca,28,1991,4,0,82,0.9,0,0,0,0,0,0,0,0,0,0,0,0,0,0,0.1,0.1,0.02,0.1,0.12,0.02,0.12,Matches\
474,Mohammed Salisu\\Mohammed-Salisu,gh GHA,DF,Valladolid,20,1999,31,30,2725,30.3,1,1,1,0,0,4,0,0.03,0.03,0.07,0.03,0.07,1.2,1.2,0.1,1.3,0.04,0,0.04,0.04,0.04,Matches\
475,Fede San Emeterio\\Fede-San-Emeterio,es ESP,MF,Valladolid,22,1997,25,20,1751,19.5,0,0,0,0,0,4,0,0,0,0,0,0,0,0,0.2,0.3,0,0.01,0.01,0,0.01,Matches\
476,Mikel San Jos\'e9\\Mikel-San-Jose,es ESP,MF,Athletic Club,30,1989,9,3,359,4,0,0,0,0,0,3,0,0,0,0,0,0,0.5,0.5,0,0.5,0.13,0.01,0.13,0.13,0.13,Matches\
477,Oihan Sancet\\Oihan-Sancet,es ESP,MF,Athletic Club,19,2000,17,9,741,8.2,1,1,1,0,0,1,0,0.12,0.12,0.24,0.12,0.24,0.9,0.9,0.7,1.5,0.11,0.08,0.19,0.11,0.19,Matches\
478,Germ\'e1n S\'e1nchez\\German-Sanchez,es ESP,DF,Granada,32,1986,28,26,2293,25.5,2,0,2,0,0,12,1,0.08,0,0.08,0.08,0.08,1.5,1.5,0.1,1.6,0.06,0,0.06,0.06,0.06,Matches\
479,Javi S\'e1nchez\\Javi-Sanchez,es ESP,DF,Valladolid,22,1997,8,6,497,5.5,0,1,0,0,0,1,0,0,0.18,0.18,0,0.18,0.4,0.4,0.1,0.5,0.07,0.02,0.09,0.07,0.09,Matches\
480,Manuel S\'e1nchez\\Manuel-Sanchez,es ESP,DF,Atl\'e9tico Madrid,18,2000,5,4,325,3.6,0,0,0,0,0,1,0,0,0,0,0,0,0,0,0.3,0.3,0,0.08,0.08,0,0.08,Matches\
481,V\'edctor S\'e1nchez\\Victor-Sanchez,es ESP,MFDF,Espanyol,31,1987,25,20,1688,18.8,0,1,0,0,0,11,1,0,0.05,0.05,0,0.05,0.3,0.3,1.2,1.6,0.02,0.07,0.08,0.02,0.08,Matches\
482,Luca Sangalli\\Luca-Sangalli,es ESP,MF,Real Sociedad,24,1995,11,5,372,4.1,0,1,0,0,0,0,0,0,0.24,0.24,0,0.24,0.5,0.5,0.5,1,0.12,0.12,0.23,0.12,0.23,Matches\
483,Oier Sanjurjo\\Oier-Sanjurjo,es ESP,MF,Osasuna,33,1986,29,27,2320,25.8,2,1,2,0,0,15,1,0.08,0.04,0.12,0.08,0.12,2,2,1,3,0.08,0.04,0.12,0.08,0.12,Matches\
484,Ivan \'8aaponji\uc0\u263 \\Ivan-Saponjic,rs SRB,DFFW,Atl\'e9tico Madrid,21,1997,2,0,6,0.1,0,0,0,0,0,0,0,0,0,0,0,0,0.1,0.1,0,0.1,1.92,0,1.92,1.92,1.92,Matches\
485,Joan Sastre Vanrell\\Joan-Sastre-Vanrell,es ESP,DF,Mallorca,22,1997,19,16,1360,15.1,0,2,0,0,0,4,0,0,0.13,0.13,0,0.13,0.5,0.5,1.4,1.9,0.03,0.09,0.13,0.03,0.13,Matches\
486,Stefan Savi\uc0\u263 \\Stefan-Savic,me MNE,DF,Atl\'e9tico Madrid,28,1991,22,22,1980,22,0,0,0,0,0,6,0,0,0,0,0,0,0.1,0.1,0.1,0.3,0.01,0.01,0.01,0.01,0.01,Matches\
487,Aleksandar Sedlar\\Aleksandar-Sedlar,rs SRB,DF,Mallorca,27,1991,12,9,814,9,0,0,0,0,0,3,1,0,0,0,0,0,0,0,0,0.1,0,0.01,0.01,0,0.01,Matches\
488,N\'e9lson Semedo\\Nelson-Semedo,pt POR,DF,Barcelona,25,1993,32,24,2097,23.3,1,2,1,0,0,2,0,0.04,0.09,0.13,0.04,0.13,1,1,2.1,3.1,0.04,0.09,0.13,0.04,0.13,Matches\
489,Josep Se\'f1\'e9\\Josep-Sene,es ESP,MF,Mallorca,27,1991,6,1,150,1.7,0,0,0,0,0,0,0,0,0,0,0,0,0.1,0.1,0.1,0.2,0.06,0.03,0.1,0.06,0.1,Matches\
490,Salva Sevilla\\Salva-Sevilla,es ESP,MF,Mallorca,35,1984,35,31,2568,28.5,5,3,3,2,3,10,1,0.18,0.11,0.28,0.11,0.21,3.8,1.5,3.4,4.9,0.13,0.12,0.25,0.05,0.17,Matches\
491,Sidnei\\Sidnei,br BRA,DF,Betis,29,1989,14,14,1175,13.1,1,0,1,0,0,1,0,0.08,0,0.08,0.08,0.08,0.3,0.3,0,0.4,0.02,0,0.03,0.02,0.03,Matches\
492,Jonathan Silva\\Jonathan-Silva,ar ARG,DF,Legan\'e9s,25,1994,33,32,2785,30.9,1,2,1,0,0,13,1,0.03,0.06,0.1,0.03,0.1,1.6,1.6,2.1,3.7,0.05,0.07,0.12,0.05,0.12,Matches\
493,Rui Silva\\Rui-Silva,pt POR,GK,Granada,25,1994,35,35,3150,35,0,0,0,0,0,3,0,0,0,0,0,0,0,0,0.5,0.5,0,0.01,0.01,0,0.01,Matches\
494,Unai Sim\'f3n\\Unai-Simon,es ESP,GK,Athletic Club,22,1997,34,34,2991,33.2,0,0,0,0,0,2,1,0,0,0,0,0,0,0,0,0,0,0,0,0,0,Matches\
495,Dimitris Siovas\\Dimitris-Siovas,gr GRE,DF,Legan\'e9s,30,1988,24,23,1918,21.3,0,0,0,0,0,7,0,0,0,0,0,0,0.9,0.9,0.1,1,0.04,0,0.05,0.04,0.05,Matches\
496,Pione Sisto\\Pione-Sisto,dk DEN,FWMF,Celta Vigo,24,1995,21,8,891,9.9,2,0,2,0,0,2,0,0.2,0,0.2,0.2,0.2,1.9,1.9,0.3,2.3,0.2,0.03,0.23,0.2,0.23,Matches\
497,Antonio Sivera\\Antonio-Sivera,es ESP,GK,Alav\'e9s,22,1996,3,3,270,3,0,0,0,0,0,1,0,0,0,0,0,0,0,0,0,0,0,0,0,0,0,Matches\
498,Fyodor Smolov\\Fyodor-Smolov,ru RUS,FW,Celta Vigo,29,1990,14,10,743,8.3,2,0,2,0,0,4,0,0.24,0,0.24,0.24,0.24,2.3,2.3,0.4,2.8,0.28,0.05,0.33,0.28,0.33,Matches\
499,Rafa Soares\\Rafa-Soares,pt POR,DF,Eibar,24,1995,6,6,435,4.8,0,0,0,0,0,1,0,0,0,0,0,0,0,0,0.2,0.2,0,0.04,0.04,0,0.04,Matches\
500,Rub\'e9n Sobrino\\Ruben-Sobrino,es ESP,FWMF,Valencia,27,1992,13,1,170,1.9,1,0,1,0,0,0,0,0.53,0,0.53,0.53,0.53,0.4,0.4,0.2,0.6,0.22,0.11,0.33,0.22,0.33,Matches\
501,Roberto Soldado\\Roberto-Soldado,es ESP,FW,Granada,34,1985,33,30,2347,26.1,7,4,6,1,1,14,0,0.27,0.15,0.42,0.23,0.38,4.7,3.9,3.8,7.8,0.18,0.15,0.33,0.15,0.3,Matches\
502,Carlos Soler\\Carlos-Soler,es ESP,MF,Valencia,22,1997,28,24,2066,23,2,0,2,0,0,4,0,0.09,0,0.09,0.09,0.09,1.6,1.6,1.1,2.7,0.07,0.05,0.12,0.07,0.12,Matches\
503,K\'e9vin Soni\\Kevin-Soni,cm CMR,FW,Espanyol,21,1998,1,0,4,0,0,0,0,0,0,0,0,0,0,0,0,0,0,0,0,0,0,0,0,0,0,Matches\
504,David Soria\\David-Soria,es ESP,GK,Getafe,26,1993,38,38,3420,38,0,0,0,0,0,2,0,0,0,0,0,0,0,0,0,0,0,0,0,0,0,Matches\
505,Bruno Soriano\\Bruno-Soriano,es ESP,MF,Villarreal,35,1984,7,1,263,2.9,0,0,0,0,0,1,0,0,0,0,0,0,0.1,0.1,0,0.1,0.04,0,0.04,0.04,0.04,Matches\
506,Juan Soriano\\Juan-Soriano,es ESP,GK,Legan\'e9s,21,1997,11,11,990,11,0,0,0,0,0,2,0,0,0,0,0,0,0.3,0.3,0,0.3,0.03,0,0.03,0.03,0.03,Matches\
507,Dami\'e1n Su\'e1rez\\Damian-Suarez,uy URU,DF,Getafe,31,1988,30,30,2592,28.8,1,4,1,0,0,15,0,0.03,0.14,0.17,0.03,0.17,0.8,0.8,2.4,3.2,0.03,0.08,0.11,0.03,0.11,Matches\
508,Denis Su\'e1rez\\Denis-Suarez,es ESP,MFFW,Celta Vigo,25,1994,26,20,1630,18.1,1,5,1,0,1,2,0,0.06,0.28,0.33,0.06,0.33,2.3,1.6,4.6,6.2,0.13,0.25,0.38,0.09,0.34,Matches\
509,Luis Su\'e1rez\\Luis-Suarez,uy URU,FW,Barcelona,32,1987,28,22,1998,22.2,16,8,15,1,1,4,0,0.72,0.36,1.08,0.68,1.04,13.8,13.1,3.7,16.8,0.62,0.16,0.79,0.59,0.76,Matches\
510,Ki Sung-yueng\\Ki-Sung-yueng,kr KOR,MF,Mallorca,30,1989,1,0,9,0.1,0,0,0,0,0,0,0,0,0,0,0,0,0,0,0,0,0,0,0,0,0,Matches\
511,Suso\\Suso,es ESP,FWMF,Sevilla,25,1993,17,8,785,8.7,1,1,1,0,0,0,0,0.11,0.11,0.23,0.11,0.23,1,1,1.3,2.2,0.11,0.14,0.26,0.11,0.26,Matches\
512,Tachi\\Tachi,es ESP,DF,Alav\'e9s,21,1997,6,2,238,2.6,0,0,0,0,0,1,0,0,0,0,0,0,0,0,0,0,0,0,0,0,0,Matches\
513,Rodrigo Tar\'edn\\Rodrigo-Tarin,es ESP,DF,Legan\'e9s,23,1996,14,12,951,10.6,0,0,0,0,0,1,0,0,0,0,0,0,0.2,0.2,0,0.3,0.02,0,0.02,0.02,0.02,Matches\
514,\'c1lvaro Tejero\\Alvaro-Tejero,es ESP,DF,Eibar,23,1996,18,16,1447,16.1,0,0,0,0,0,4,0,0,0,0,0,0,0.1,0.1,0.9,1,0.01,0.06,0.06,0.01,0.06,Matches\
515,Cristian Tello\\Cristian-Tello,es ESP,MFFW,Betis,27,1991,27,5,787,8.7,2,0,2,0,0,1,0,0.23,0,0.23,0.23,0.23,1.6,1.6,0.3,1.9,0.19,0.03,0.22,0.19,0.22,Matches\
516,Marc-Andr\'e9 ter Stegen\\Marc-Andre-ter-Stegen,de GER,GK,Barcelona,27,1992,36,36,3240,36,0,2,0,0,0,1,0,0,0.06,0.06,0,0.06,0,0,0.7,0.7,0,0.02,0.02,0,0.02,Matches\
517,David Timor\\David-Timor,es ESP,MFDF,Getafe,29,1989,22,10,943,10.5,3,0,3,0,0,4,0,0.29,0,0.29,0.29,0.29,0.6,0.6,0.1,0.7,0.06,0.01,0.07,0.06,0.07,Matches\
518,Jean-Clair Todibo\\Jean-Clair-Todibo,fr FRA,DF,Barcelona,19,1999,2,1,77,0.9,0,0,0,0,0,0,0,0,0,0,0,0,0,0,0,0,0,0,0,0,0,Matches\
519,Karl Toko Ekambi\\Karl-Toko-Ekambi,cm CMR,FW,Villarreal,26,1992,18,11,993,11,6,2,6,0,0,0,0,0.54,0.18,0.73,0.54,0.73,7,7,1.1,8.2,0.64,0.1,0.74,0.64,0.74,Matches\
520,Ra\'fal de Tom\'e1s\\Raul-de-Tomas,es ESP,FW,Espanyol,24,1994,14,11,1075,11.9,4,0,3,1,1,5,0,0.33,0,0.33,0.25,0.25,4,3.3,0.4,3.7,0.34,0.04,0.37,0.27,0.31,Matches\
521,To\'f1o\\Tono,es ESP,DF,Levante,29,1989,20,18,1589,17.7,0,2,0,0,0,2,0,0,0.11,0.11,0,0.11,0.2,0.2,1.6,1.8,0.01,0.09,0.1,0.01,0.1,Matches\
522,Ferr\'e1n Torres\\Ferran-Torres,es ESP,MFFW,Valencia,19,2000,34,26,2251,25,4,5,4,0,0,5,0,0.16,0.2,0.36,0.16,0.36,3.6,3.6,4.3,7.9,0.14,0.17,0.32,0.14,0.32,Matches\
523,\'d3liver Torres\\Oliver-Torres,es ESP,MFFW,Sevilla,24,1994,28,21,1596,17.7,3,3,3,0,0,5,0,0.17,0.17,0.34,0.17,0.34,1.6,1.6,2.1,3.7,0.09,0.12,0.21,0.09,0.21,Matches\
524,Pau Torres\\Pau-Torres,es ESP,DF,Villarreal,22,1997,34,33,2971,33,2,1,2,0,0,6,0,0.06,0.03,0.09,0.06,0.09,1.2,1.2,1.6,2.9,0.04,0.05,0.09,0.04,0.09,Matches\
525,Roberto Torres\\Roberto-Torres,es ESP,MFFW,Osasuna,30,1989,36,31,2717,30.2,7,8,2,5,5,1,0,0.23,0.26,0.5,0.07,0.33,8.1,4.3,5.8,10.1,0.27,0.19,0.46,0.14,0.33,Matches\
526,Aleksandar Trajkovski\\Aleksandar-Trajkovski,mk MKD,MF,Mallorca,26,1992,14,1,330,3.7,0,0,0,0,0,0,0,0,0,0,0,0,0.7,0.7,1.1,1.8,0.19,0.31,0.49,0.19,0.49,Matches\
527,Manu Trigueros\\Manu-Trigueros,es ESP,MF,Villarreal,27,1991,29,17,1547,17.2,2,4,1,1,1,6,0,0.12,0.23,0.35,0.06,0.29,2.5,1.7,3.8,5.5,0.14,0.22,0.36,0.1,0.32,Matches\
528,Kieran Trippier\\Kieran-Trippier,eng ENG,DF,Atl\'e9tico Madrid,28,1990,25,23,1979,22,0,4,0,0,0,2,0,0,0.18,0.18,0,0.18,0.2,0.2,3.5,3.7,0.01,0.16,0.17,0.01,0.17,Matches\
529,Samuel Umtiti\\Samuel-Umtiti,fr FRA,DF,Barcelona,25,1993,13,10,949,10.5,0,0,0,0,0,6,0,0,0,0,0,0,0,0,0,0,0,0,0,0,0,Matches\
530,Enes \'dcnal\\Enes-Unal,tr TUR,FW,Valladolid,22,1997,35,23,2344,26,6,2,4,2,3,4,0,0.23,0.08,0.31,0.15,0.23,9.1,6.8,2.7,9.5,0.35,0.1,0.45,0.26,0.37,Matches\
531,Tom\'e1\'9a Vacl\'edk\\Tomas-Vaclik,cz CZE,GK,Sevilla,30,1989,33,33,2925,32.5,0,0,0,0,0,0,0,0,0,0,0,0,0,0,0,0,0,0,0,0,0,Matches\
532,\'c1lvaro Vadillo\\Alvaro-Vadillo,es ESP,FWMF,Granada,24,1994,22,15,1218,13.5,3,1,2,1,1,0,0,0.22,0.07,0.3,0.15,0.22,1.9,1.1,1.6,2.7,0.14,0.12,0.26,0.08,0.2,Matches\
533,Germ\'e1n Valera\\German-Valera,es ESP,FW,Atl\'e9tico Madrid,17,2002,1,0,4,0,0,0,0,0,0,0,0,0,0,0,0,0,0,0,0.1,0.1,0,1.34,1.34,0,1.34,Matches\
534,Martin Valjent\\Martin-Valjent,sk SVK,DF,Mallorca,23,1995,36,36,3182,35.4,0,0,0,0,0,6,0,0,0,0,0,0,0.5,0.5,0.6,1.1,0.02,0.02,0.03,0.02,0.03,Matches\
535,Jes\'fas Vallejo\\Jesus-Vallejo,es ESP,DF,Granada,22,1997,11,7,629,7,0,0,0,0,0,1,0,0,0,0,0,0,0.1,0.1,0.2,0.2,0.01,0.02,0.03,0.01,0.03,Matches\
536,Manu Vallejo\\Manu-Vallejo,es ESP,MFFW,Valencia,22,1997,11,3,418,4.6,2,0,2,0,0,0,0,0.43,0,0.43,0.43,0.43,1.7,1.7,0.4,2.1,0.36,0.09,0.45,0.36,0.45,Matches\
537,Federico Valverde\\Federico-Valverde,uy URU,MF,Real Madrid,21,1998,33,21,1907,21.2,2,5,2,0,0,1,0,0.09,0.24,0.33,0.09,0.33,1.9,1.9,3.5,5.3,0.09,0.16,0.25,0.09,0.25,Matches\
538,Rapha\'ebl Varane\\Raphael-Varane,fr FRA,DF,Real Madrid,26,1993,32,32,2822,31.4,3,1,3,0,0,2,0,0.1,0.03,0.13,0.1,0.13,0.7,0.7,0.5,1.2,0.02,0.02,0.04,0.02,0.04,Matches\
539,Mat\'edas Vargas\\Matias-Vargas,ar ARG,FWMF,Espanyol,22,1997,21,10,1024,11.4,0,3,0,0,0,1,0,0,0.26,0.26,0,0.26,1,1,2.5,3.5,0.09,0.22,0.31,0.09,0.31,Matches\
540,Franco V\'e1zquez\\Franco-Vazquez,ar ARG,MFFW,Sevilla,30,1989,31,11,1098,12.2,3,0,3,0,0,5,0,0.25,0,0.25,0.25,0.25,1.4,1.4,0.4,1.7,0.11,0.03,0.14,0.11,0.14,Matches\
541,Kevin V\'e1zquez\\Kevin-Vazquez,es ESP,DF,Celta Vigo,26,1993,17,16,1325,14.7,0,0,0,0,0,6,0,0,0,0,0,0,0,0,0.4,0.4,0,0.02,0.02,0,0.02,Matches\
542,Lucas V\'e1zquez\\Lucas-Vazquez,es ESP,MFFW,Real Madrid,28,1991,18,8,848,9.4,2,1,2,0,0,1,0,0.21,0.11,0.32,0.21,0.32,1.2,1.2,1.5,2.7,0.13,0.16,0.29,0.13,0.29,Matches\
543,Koke Vegas\\Koke-Vegas,es ESP,GK,Levante,23,1995,2,2,180,2,0,0,0,0,0,0,0,0,0,0,0,0,0,0,0,0,0,0,0,0,0,Matches\
544,Unai Vencedor Paris\\Unai-Vencedor-Paris,es ESP,MF,Athletic Club,18,2000,1,1,73,0.8,0,0,0,0,0,1,0,0,0,0,0,0,0.1,0.1,0,0.1,0.08,0,0.08,0.08,0.08,Matches\
545,Mikel Vesga\\Mikel-Vesga,es ESP,MF,Athletic Club,26,1993,20,13,1269,14.1,0,1,0,0,0,3,0,0,0.07,0.07,0,0.07,0.8,0.8,0.7,1.4,0.05,0.05,0.1,0.05,0.1,Matches\
546,R\'faben Vezo\\Ruben-Vezo,pt POR,DF,Levante,25,1994,29,29,2610,29,0,0,0,0,0,4,0,0,0,0,0,0,0.9,0.9,0.6,1.5,0.03,0.02,0.05,0.03,0.05,Matches\
547,Fede Vico\\Fede-Vico,es ESP,MFFW,Granada,25,1994,18,11,876,9.7,2,1,1,1,1,1,0,0.21,0.1,0.31,0.1,0.21,1.5,0.7,1.6,2.3,0.15,0.16,0.31,0.08,0.24,Matches\
548,Aleix Vidal\\Aleix-Vidal,es ESP,MF,Alav\'e9s,29,1989,29,26,2165,24.1,2,4,2,0,0,6,0,0.08,0.17,0.25,0.08,0.25,2.5,2.5,3.8,6.2,0.1,0.16,0.26,0.1,0.26,Matches\
549,Arturo Vidal\\Arturo-Vidal,cl CHI,MF,Barcelona,32,1987,33,16,1671,18.6,8,2,8,0,0,4,0,0.43,0.11,0.54,0.43,0.54,4.3,4.3,2.9,7.2,0.23,0.16,0.39,0.23,0.39,Matches\
550,Nacho Vidal\\Nacho-Vidal,es ESP,DF,Osasuna,24,1995,30,26,2332,25.9,0,0,0,0,0,5,0,0,0,0,0,0,0.8,0.8,1.4,2.2,0.03,0.05,0.09,0.03,0.09,Matches\
551,D\'eddac Vil\'e0\\Didac-Vila,es ESP,DF,Espanyol,30,1989,30,28,2492,27.7,0,0,0,0,0,9,0,0,0,0,0,0,1.4,1.4,1.4,2.8,0.05,0.05,0.1,0.05,0.1,Matches\
552,Toni Villa\\Toni-Villa,es ESP,MF,Valladolid,24,1995,23,18,1354,15,0,1,0,0,0,4,0,0,0.07,0.07,0,0.07,0.9,0.9,1.6,2.5,0.06,0.11,0.16,0.06,0.16,Matches\
553,Asier Villalibre\\Asier-Villalibre,es ESP,FW,Athletic Club,21,1997,19,5,531,5.9,3,0,3,0,0,0,0,0.51,0,0.51,0.51,0.51,2.8,2.8,0,2.8,0.47,0.01,0.48,0.47,0.48,Matches\
554,Iv\'e1n Villar\\Ivan-Villar,es ESP,GK,Celta Vigo,22,1997,4,3,280,3.1,0,0,0,0,0,0,0,0,0,0,0,0,0,0,0,0,0,0,0,0,0,Matches\
555,Juan Villar\\Juan-Villar,es ESP,FW,Osasuna,31,1988,10,2,240,2.7,1,0,0,1,1,1,0,0.37,0,0.37,0,0,1.1,0.4,0.2,0.5,0.42,0.07,0.49,0.14,0.2,Matches\
556,Vitolo\\Vitolo,es ESP,MFFW,Atl\'e9tico Madrid,29,1989,28,11,1227,13.6,3,2,3,0,0,3,0,0.22,0.15,0.37,0.22,0.37,2.2,2.2,1.6,3.7,0.16,0.12,0.27,0.16,0.27,Matches\
557,\'8aime Vrsaljko\\Sime-Vrsaljko,hr CRO,DF,Atl\'e9tico Madrid,27,1992,5,4,362,4,0,1,0,0,0,3,0,0,0.25,0.25,0,0.25,0,0,0.3,0.3,0,0.08,0.08,0,0.08,Matches\
558,Nikola Vuk\uc0\u269 evi\u263 \\Nikola-Vukcevic,me MNE,MF,Levante,27,1991,30,20,1569,17.4,0,2,0,0,0,11,0,0,0.11,0.11,0,0.11,0.2,0.2,0.2,0.4,0.01,0.01,0.03,0.01,0.03,Matches\
559,Moussa Wagu\'e9\\Moussa-Wague,sn SEN,DF,Barcelona,20,1998,1,1,90,1,0,0,0,0,0,0,0,0,0,0,0,0,0,0,0,0,0,0,0,0,0,Matches\
560,Wakaso\\Wakaso,gh GHA,MF,Alav\'e9s,29,1990,16,15,1283,14.3,0,0,0,0,0,12,1,0,0,0,0,0,0.4,0.4,0.1,0.4,0.02,0.01,0.03,0.02,0.03,Matches\
561,Daniel Wass\\Daniel-Wass,dk DEN,DFMF,Valencia,30,1989,35,30,2733,30.4,1,6,1,0,0,7,0,0.03,0.2,0.23,0.03,0.23,1.2,1.2,2.6,3.8,0.04,0.08,0.12,0.04,0.12,Matches\
562,I\'f1aki Williams\\Inaki-Williams,es ESP,FW,Athletic Club,25,1994,38,34,2939,32.7,6,1,5,1,2,3,0,0.18,0.03,0.21,0.15,0.18,7.3,5.8,2.6,8.4,0.22,0.08,0.3,0.18,0.26,Matches\
563,Yoel\\Yoel,es ESP,GK,Eibar,30,1988,3,3,270,3,0,0,0,0,0,1,0,0,0,0,0,0,0,0,0,0,0,0,0,0,0,Matches\
564,Okay Yoku\uc0\u351 lu\\Okay-Yokuslu,tr TUR,MF,Celta Vigo,25,1994,26,24,1973,21.9,0,2,0,0,0,6,0,0,0.09,0.09,0,0.09,0.3,0.3,1.4,1.7,0.01,0.06,0.08,0.01,0.08,Matches\
565,Joseba Zald\'faa\\Joseba-Zaldua,es ESP,DF,Real Sociedad,27,1992,30,29,2545,28.3,0,2,0,0,0,8,1,0,0.07,0.07,0,0.07,0.2,0.2,1.6,1.8,0.01,0.06,0.06,0.01,0.06,Matches\
566,Andre-Frank Zambo Anguissa\\Andre-Frank-Zambo-Anguissa,cm CMR,MF,Villarreal,23,1995,36,28,2583,28.7,2,0,2,0,0,6,0,0.07,0,0.07,0.07,0.07,2.4,2.4,0.8,3.2,0.08,0.03,0.11,0.08,0.11,Matches\
567,Igor Zubeldia\\Igor-Zubeldia,es ESP,MFDF,Real Sociedad,22,1997,33,29,2640,29.3,0,1,0,0,0,9,0,0,0.03,0.03,0,0.03,0.4,0.4,0.6,0.9,0.01,0.02,0.03,0.01,0.03,Matches\
568,Mart\'edn Zubimendi\\Martin-Zubimendi,es ESP,MF,Real Sociedad,20,1999,9,6,524,5.8,0,0,0,0,0,3,0,0,0,0,0,0,0.1,0.1,0.2,0.2,0.01,0.03,0.04,0.01,0.04,Matches\
569,David Zurutuza\\David-Zurutuza,es ESP,MF,Real Sociedad,33,1986,5,2,157,1.7,0,0,0,0,0,0,0,0,0,0,0,0,0,0,0,0,0,0,0,0,0,Matches\
570,Martin \'d8degaard\\Martin-Odegaard,no NOR,MF,Real Sociedad,20,1998,31,29,2527,28.1,4,6,4,0,0,3,0,0.14,0.21,0.36,0.14,0.36,3.2,3.2,5.1,8.4,0.11,0.18,0.3,0.11,0.3,Matches}