,,,,,,,Playing Time,,,,Performance,,,,,,,Per 90 Minutes,,,,,Expected,,,,Per 90 Minutes,,,,,
Rk,Player,Nation,Pos,Squad,Age,Born,MP,Starts,Min,90s,Gls,Ast,G-PK,PK,PKatt,CrdY,CrdR,Gls,Ast,G+A,G-PK,G+A-PK,xG,npxG,xA,npxG+xA,xG,xA,xG+xA,npxG,npxG+xA,Matches
1,Sabit Abdulai,gh GHA,MF,Getafe,21,1999,3,0,60,0.7,0,0,0,0,0,1,0,0,0,0,0,0,0,0,0,0,0,0,0,0,0,Matches
2,Marcos Acuña,ar ARG,DF,Sevilla,28,1991,30,26,"2,330",25.9,1,2,1,0,0,5,0,0.04,0.08,0.12,0.04,0.12,1.1,1.1,2.8,4,0.04,0.11,0.15,0.04,0.15,Matches
3,Bobby Adekanye,nl NED,"FW,MF",Cádiz,21,1999,3,0,36,0.4,0,0,0,0,0,0,0,0,0,0,0,0,0.2,0.2,0,0.2,0.43,0,0.43,0.43,0.43,Matches
4,Martin Agirregabiria,es ESP,"DF,MF",Alavés,24,1996,26,16,"1,558",17.3,0,1,0,0,0,1,0,0,0.06,0.06,0,0.06,0.2,0.2,0.9,1.1,0.01,0.05,0.06,0.01,0.06,Matches
5,Joseph Aidoo,gh GHA,DF,Celta Vigo,24,1995,25,14,"1,289",14.3,0,0,0,0,0,3,0,0,0,0,0,0,0.8,0.8,0.6,1.4,0.06,0.04,0.1,0.06,0.1,Matches
6,Carlos Akapo,gq EQG,DF,Cádiz,27,1993,13,10,865,9.6,1,0,1,0,0,3,1,0.1,0,0.1,0.1,0.1,0.4,0.4,0.3,0.6,0.04,0.03,0.07,0.04,0.07,Matches
7,Paul Akouokou,ci CIV,MF,Betis,22,1997,10,4,378,4.2,0,0,0,0,0,5,1,0,0,0,0,0,0,0,0.4,0.4,0,0.08,0.08,0,0.08,Matches
8,Jony Álamo,es ESP,MF,Elche,18,2001,1,1,73,0.8,0,0,0,0,0,0,0,0,0,0,0,0,0,0,0,0,0.02,0,0.02,0.02,0.02,Matches
9,Jordi Alba,es ESP,DF,Barcelona,31,1989,35,34,"3,025",33.6,3,5,3,0,0,9,0,0.09,0.15,0.24,0.09,0.24,2.4,2.4,7.4,9.8,0.07,0.22,0.29,0.07,0.29,Matches
10,Raúl Albiol,es ESP,DF,Villarreal,34,1985,35,35,"3,115",34.6,0,0,0,0,0,7,0,0,0,0,0,0,0.6,0.6,1,1.6,0.02,0.03,0.05,0.02,0.05,Matches
11,Paco Alcácer,es ESP,FW,Villarreal,26,1993,27,19,"1,544",17.2,6,4,5,1,2,0,0,0.35,0.23,0.58,0.29,0.52,8.3,6.7,3.2,9.9,0.48,0.19,0.67,0.39,0.58,Matches
12,Pedro Alcalá,es ESP,DF,Cádiz,31,1989,13,8,909,10.1,0,0,0,0,0,2,0,0,0,0,0,0,0.1,0.1,0,0.1,0.01,0,0.01,0.01,0.01,Matches
13,Rubén Alcaraz,es ESP,MF,Valladolid,29,1991,30,25,"2,165",24.1,1,0,1,0,0,10,0,0.04,0,0.04,0.04,0.04,1.7,1.7,0.6,2.3,0.07,0.03,0.09,0.07,0.09,Matches
14,Iván Alejo,es ESP,"MF,FW",Cádiz,25,1995,22,6,827,9.2,1,1,1,0,0,5,0,0.11,0.11,0.22,0.11,0.22,1,1,0.8,1.7,0.11,0.08,0.19,0.11,0.19,Matches
15,Carles Aleñá,es ESP,"MF,FW",Getafe,22,1998,22,15,"1,366",15.2,2,2,2,0,0,1,0,0.13,0.13,0.26,0.13,0.26,1.9,1.9,2,3.9,0.12,0.13,0.26,0.12,0.26,Matches
16,Carles Aleñá,es ESP,MF,Barcelona,22,1998,2,0,48,0.5,0,0,0,0,0,1,0,0,0,0,0,0,0,0,0,0,0.04,0,0.04,0.04,0.04,Matches
17,Alfon,es ESP,MF,Celta Vigo,21,1999,2,0,34,0.4,0,0,0,0,0,0,0,0,0,0,0,0,0,0,0.1,0.1,0.13,0.22,0.35,0.13,0.35,Matches
18,Sergio Álvarez,es ESP,"MF,DF",Eibar,28,1992,27,17,"1,568",17.4,0,0,0,0,0,3,0,0,0,0,0,0,0.3,0.3,0.9,1.2,0.02,0.05,0.07,0.02,0.07,Matches
19,Yeray Álvarez,es ESP,DF,Athletic Club,25,1995,23,22,"1,948",21.6,1,0,1,0,0,6,0,0.05,0,0.05,0.05,0.05,0.5,0.5,0.4,0.9,0.02,0.02,0.04,0.02,0.04,Matches
20,Emmanuel Amankwaa Akurugu,gh GHA,DF,Getafe,18,2001,1,0,45,0.5,0,0,0,0,0,0,0,0,0,0,0,0,0,0,0,0,0,0,0,0,0,Matches
21,Jon Ander Garrido,es ESP,MF,Cádiz,30,1989,23,7,800,8.9,0,0,0,0,0,1,0,0,0,0,0,0,0.4,0.4,0.1,0.4,0.04,0.01,0.05,0.04,0.05,Matches
22,Ángel,es ESP,GK,Granada,18,2002,1,1,90,1,0,0,0,0,0,0,0,0,0,0,0,0,0,0,0,0,0,0,0,0,0,Matches
23,Miguel Ángel Rubio,es ESP,DF,Valladolid,22,1998,2,1,135,1.5,0,0,0,0,0,0,0,0,0,0,0,0,0,0,0,0,0.02,0,0.02,0.02,0.02,Matches
24,José Ángel,es ESP,DF,Eibar,30,1989,14,11,901,10,0,0,0,0,0,3,0,0,0,0,0,0,0,0,0.8,0.8,0,0.08,0.08,0,0.08,Matches
25,José Antonio Miranda,gq EQG,"MF,DF",Getafe,22,1998,4,0,26,0.3,0,0,0,0,0,1,0,0,0,0,0,0,0.2,0.2,0,0.2,0.69,0,0.69,0.69,0.69,Matches
26,Aritz Arambarri,es ESP,DF,Real Sociedad,22,1998,1,0,26,0.3,0,0,0,0,0,0,0,0,0,0,0,0,0.1,0.1,0,0.1,0.5,0,0.5,0.5,0.5,Matches
27,Mauro Arambarri,uy URU,MF,Getafe,24,1995,34,33,"2,983",33.1,3,0,3,0,0,11,0,0.09,0,0.09,0.09,0.09,2.2,2.2,2.1,4.3,0.07,0.06,0.13,0.07,0.13,Matches
28,Néstor Araujo,mx MEX,DF,Celta Vigo,28,1991,33,26,"2,426",27,0,0,0,0,0,5,0,0,0,0,0,0,0.3,0.3,0.7,1,0.01,0.02,0.04,0.01,0.04,Matches
29,Ronald Araújo,uy URU,DF,Barcelona,21,1999,24,16,"1,510",16.8,2,1,2,0,0,3,0,0.12,0.06,0.18,0.12,0.18,1.6,1.6,0.1,1.7,0.09,0.01,0.1,0.09,0.1,Matches
30,Anaitz Arbilla,es ESP,DF,Eibar,33,1987,34,30,"2,807",31.2,0,1,0,0,0,8,0,0,0.03,0.03,0,0.03,1.2,1.2,0.9,2.1,0.04,0.03,0.07,0.04,0.07,Matches
31,Unai Arietaleanizbeaskoa,es ESP,"FW,MF",Eibar,21,1999,4,0,47,0.5,0,0,0,0,0,1,0,0,0,0,0,0,0,0,0,0,0.04,0,0.04,0.04,0.04,Matches
32,Sergio Arribas,es ESP,"FW,DF",Real Madrid,18,2001,8,0,135,1.5,0,0,0,0,0,1,0,0,0,0,0,0,0,0,0,0.1,0.02,0.03,0.05,0.02,0.05,Matches
33,Sergio Asenjo,es ESP,GK,Villarreal,31,1989,36,36,"3,240",36,0,0,0,0,0,2,0,0,0,0,0,0,0,0,0,0,0,0,0,0,0,Matches
34,Marco Asensio,es ESP,"FW,MF",Real Madrid,24,1996,35,21,"1,869",20.8,5,2,5,0,0,1,0,0.24,0.1,0.34,0.24,0.34,4.9,4.9,3,7.9,0.23,0.15,0.38,0.23,0.38,Matches
35,Iago Aspas,es ESP,FW,Celta Vigo,32,1987,33,33,"2,864",31.8,14,13,9,5,5,9,0,0.44,0.41,0.85,0.28,0.69,12.5,8.7,8.3,17,0.39,0.26,0.65,0.27,0.54,Matches
36,Miguel Atienza,es ESP,MF,Eibar,21,1999,12,9,838,9.3,0,0,0,0,0,1,0,0,0,0,0,0,0.2,0.2,0.1,0.4,0.02,0.02,0.04,0.02,0.04,Matches
37,Ezequiel Ávila,ar ARG,"MF,FW",Osasuna,26,1994,8,2,202,2.2,0,0,0,0,0,0,0,0,0,0,0,0,0.7,0.7,0,0.7,0.31,0,0.31,0.31,0.31,Matches
38,Ramon Azeez,ng NGA,"MF,DF",Granada,27,1992,2,1,101,1.1,0,0,0,0,0,0,0,0,0,0,0,0,0.2,0.2,0,0.2,0.15,0,0.15,0.15,0.15,Matches
39,Carlos Bacca,co COL,FW,Villarreal,33,1986,23,9,786,8.7,5,0,5,0,0,1,0,0.57,0,0.57,0.57,0.57,3.5,3.5,0.9,4.4,0.4,0.11,0.5,0.4,0.5,Matches
40,Édgar Badía,es ESP,GK,Elche,28,1992,30,30,"2,700",30,0,0,0,0,0,0,0,0,0,0,0,0,0,0,0,0,0,0,0,0,0,Matches
41,Alex Baena,es ESP,MF,Villarreal,19,2001,6,2,137,1.5,0,0,0,0,0,0,0,0,0,0,0,0,0.1,0.1,0.1,0.1,0.05,0.05,0.09,0.05,0.09,Matches
42,Miguel Baeza,es ESP,"MF,FW",Celta Vigo,20,2000,22,4,543,6,1,0,1,0,0,0,0,0.17,0,0.17,0.17,0.17,1.5,1.5,0.6,2.2,0.26,0.1,0.36,0.26,0.36,Matches
43,Mikel Balenziaga,es ESP,DF,Athletic Club,32,1988,23,17,"1,689",18.8,0,1,0,0,0,0,0,0,0.05,0.05,0,0.05,0,0,0.6,0.7,0,0.03,0.04,0,0.04,Matches
44,Barcia,es ESP,DF,Granada,19,2000,1,1,90,1,0,0,0,0,0,1,0,0,0,0,0,0,0,0,0,0,0,0,0,0,0,Matches
45,Enis Bardhi,mk MKD,"MF,FW",Levante,25,1995,26,19,"1,682",18.7,1,2,1,0,0,4,0,0.05,0.11,0.16,0.05,0.16,2.9,2.9,1.1,4,0.15,0.06,0.21,0.15,0.21,Matches
46,Kike Barja,es ESP,"MF,FW",Osasuna,23,1997,33,17,"1,433",15.9,2,3,2,0,0,2,0,0.13,0.19,0.31,0.13,0.31,1.8,1.8,1.9,3.7,0.12,0.12,0.23,0.12,0.23,Matches
47,Marc Baró,es ESP,DF,Cádiz,20,1999,1,1,90,1,0,0,0,0,0,0,0,0,0,0,0,0,0,0,0.3,0.3,0.02,0.33,0.35,0.02,0.35,Matches
48,Antonio Barragán,es ESP,DF,Elche,33,1987,27,26,"2,235",24.8,0,3,0,0,0,8,0,0,0.12,0.12,0,0.12,0.6,0.6,1,1.6,0.02,0.04,0.06,0.02,0.06,Matches
49,Ander Barrenetxea,es ESP,"MF,FW",Real Sociedad,18,2001,31,13,"1,307",14.5,3,0,3,0,0,7,0,0.21,0,0.21,0.21,0.21,1.8,1.8,2,3.8,0.12,0.14,0.26,0.12,0.26,Matches
50,Marc Bartra,es ESP,DF,Betis,29,1991,19,19,"1,694",18.8,0,1,0,0,0,3,0,0,0.05,0.05,0,0.05,0.4,0.4,0.8,1.3,0.02,0.04,0.07,0.02,0.07,Matches
51,Álvaro Bastida,es ESP,MF,Cádiz,16,2004,1,0,35,0.4,0,0,0,0,0,0,0,0,0,0,0,0,0,0,0,0,0,0,0,0,0,Matches
52,Rodrigo Battaglia,ar ARG,MF,Alavés,29,1991,32,29,"2,492",27.7,1,0,1,0,0,10,1,0.04,0,0.04,0.04,0.04,1.2,1.2,0.2,1.4,0.04,0.01,0.05,0.04,0.05,Matches
53,Jon Bautista,es ESP,"FW,MF",Real Sociedad,25,1995,21,0,370,4.1,0,1,0,0,0,3,0,0,0.24,0.24,0,0.24,1,1,0.2,1.2,0.23,0.06,0.29,0.23,0.29,Matches
54,Fran Beltrán,es ESP,MF,Celta Vigo,21,1999,32,13,"1,399",15.5,3,0,3,0,0,3,0,0.19,0,0.19,0.19,0.19,1.4,1.4,0.3,1.7,0.09,0.02,0.11,0.09,0.11,Matches
55,Sergio Benito,es ESP,FW,Valladolid,21,1999,1,0,2,0,0,0,0,0,0,0,0,0,0,0,0,0,0,0,0,0,0,0,0,0,0,Matches
56,Karim Benzema,fr FRA,FW,Real Madrid,32,1987,34,33,"2,894",32.2,23,9,22,1,1,2,0,0.72,0.28,1,0.68,0.96,17.8,17,6.3,23.3,0.55,0.2,0.75,0.53,0.72,Matches
57,Yuri Berchiche,es ESP,DF,Athletic Club,30,1990,23,21,"1,682",18.7,1,3,1,0,0,3,0,0.05,0.16,0.21,0.05,0.21,0.8,0.8,1.9,2.7,0.04,0.1,0.14,0.04,0.14,Matches
58,Álex Berenguer,es ESP,"MF,FW",Athletic Club,25,1995,35,27,"2,278",25.3,8,4,8,0,0,4,0,0.32,0.16,0.47,0.32,0.47,6.1,6.1,3.8,9.9,0.24,0.15,0.39,0.24,0.39,Matches
59,Pedro Bigas,es ESP,DF,Eibar,29,1990,21,19,"1,529",17,0,0,0,0,0,1,0,0,0,0,0,0,0.9,0.9,0,0.9,0.05,0,0.05,0.05,0.05,Matches
60,Blanco,es ESP,"MF,DF",Real Madrid,20,2000,4,2,220,2.4,0,0,0,0,0,0,0,0,0,0,0,0,0,0,0.1,0.1,0.02,0.03,0.04,0.02,0.04,Matches
61,Alejandro Blanco,es ESP,MF,Valencia,21,1998,13,6,580,6.4,1,0,1,0,0,1,0,0.16,0,0.16,0.16,0.16,0.8,0.8,0.5,1.3,0.12,0.08,0.2,0.12,0.2,Matches
62,Rubén Blanco,es ESP,GK,Celta Vigo,25,1995,19,19,"1,637",18.2,0,0,0,0,0,0,1,0,0,0,0,0,0,0,0,0,0,0,0,0,0,Matches
63,Alejandro Blesa,es ESP,MF,Levante,18,2002,1,0,11,0.1,0,0,0,0,0,0,0,0,0,0,0,0,0,0,0,0,0,0,0,0,0,Matches
64,Yann Bodiger,fr FRA,MF,Cádiz,25,1995,9,2,251,2.8,0,0,0,0,0,0,0,0,0,0,0,0,0,0,0.1,0.1,0,0.05,0.05,0,0.05,Matches
65,Yassine Bounou,ma MAR,GK,Sevilla,29,1991,33,33,"2,970",33,1,0,1,0,0,3,0,0.03,0,0.03,0.03,0.03,0.3,0.3,0,0.4,0.01,0,0.01,0.01,0.01,Matches
66,Lucas Boyé,ar ARG,FW,Elche,24,1996,34,32,"2,694",29.9,7,2,7,0,0,9,1,0.23,0.07,0.3,0.23,0.3,5.9,5.9,1,7,0.2,0.03,0.23,0.2,0.23,Matches
67,Martin Braithwaite,dk DEN,FW,Barcelona,29,1991,29,11,"1,175",13.1,2,2,2,0,1,3,0,0.15,0.15,0.31,0.15,0.31,5,4.2,2,6.3,0.38,0.16,0.54,0.32,0.48,Matches
68,Darko Bra_anac,rs SRB,MF,Osasuna,28,1992,16,9,909,10.1,2,0,2,0,0,4,0,0.2,0,0.2,0.2,0.2,1.3,1.3,0.2,1.4,0.12,0.02,0.14,0.12,0.14,Matches
69,Álvaro Bravo,es ESP,MF,Granada,22,1998,1,0,15,0.2,0,0,0,0,0,0,0,0,0,0,0,0,0,0,0,0,0,0,0,0,0,Matches
70,Claudio Bravo,cl CHI,GK,Betis,37,1983,20,20,"1,800",20,0,0,0,0,0,3,0,0,0,0,0,0,0,0,0.3,0.3,0,0.01,0.01,0,0.01,Matches
71,Yan Brice Eteki,cm CMR,MF,Granada,22,1997,25,16,"1,321",14.7,0,0,0,0,0,4,1,0,0,0,0,0,0.3,0.3,0,0.4,0.02,0,0.02,0.02,0.02,Matches
72,Juan Brunet,ar ARG,MF,Granada,22,1998,2,0,24,0.3,0,0,0,0,0,0,0,0,0,0,0,0,0,0,0,0,0,0,0,0,0,Matches
73,Bryan,es ESP,"MF,FW",Eibar,19,2001,28,26,"2,265",25.2,4,3,4,0,0,6,0,0.16,0.12,0.28,0.16,0.28,4,3.6,5.2,8.8,0.16,0.21,0.36,0.14,0.35,Matches
74,Bryan,es ESP,FW,Sevilla,19,2001,1,0,13,0.1,0,0,0,0,0,0,0,0,0,0,0,0,0,0,0,0,0,0,0,0,0,Matches
75,Ante Budimir,hr CRO,FW,Osasuna,29,1991,30,18,"1,625",18.1,11,0,11,0,0,3,0,0.61,0,0.61,0.61,0.61,7.1,7.1,0.6,7.7,0.39,0.03,0.43,0.39,0.43,Matches
76,Esteban Burgos,ar ARG,DF,Eibar,28,1992,14,12,"1,111",12.3,3,1,1,2,3,5,0,0.24,0.08,0.32,0.08,0.16,3.3,1.1,0.1,1.2,0.27,0.01,0.28,0.09,0.1,Matches
77,Burgui,es ESP,MF,Alavés,26,1993,1,0,21,0.2,0,0,0,0,0,0,0,0,0,0,0,0,0,0,0,0,0,0,0,0,0,Matches
78,Sergio Busquets,es ESP,MF,Barcelona,32,1988,36,32,"2,517",28,0,5,0,0,0,9,0,0,0.18,0.18,0,0.18,0.2,0.2,3.6,3.8,0.01,0.13,0.14,0.01,0.14,Matches
79,Erick Cabaco,uy URU,DF,Getafe,25,1995,20,15,"1,326",14.7,0,0,0,0,0,9,0,0,0,0,0,0,0.2,0.2,0,0.2,0.02,0,0.02,0.02,0.02,Matches
80,Cala,es ESP,DF,Cádiz,30,1989,28,26,"2,272",25.2,3,0,3,0,0,8,0,0.12,0,0.12,0.12,0.12,1.4,1.4,0.3,1.7,0.06,0.01,0.07,0.06,0.07,Matches
81,Jonathan Calleri,ar ARG,FW,Osasuna,26,1993,25,20,"1,544",17.2,5,2,5,0,0,4,0,0.29,0.12,0.41,0.29,0.41,5.9,5.9,1.3,7.2,0.34,0.08,0.42,0.34,0.42,Matches
82,Dani Calvo,es ESP,DF,Elche,26,1994,23,19,"1,779",19.8,2,0,2,0,0,3,0,0.1,0,0.1,0.1,0.1,0.9,0.9,0,0.9,0.05,0,0.05,0.05,0.05,Matches
83,José Campaña,es ESP,MF,Levante,27,1993,9,8,748,8.3,1,2,0,1,1,0,0,0.12,0.24,0.36,0,0.24,1.4,0.7,1.4,2,0.17,0.16,0.34,0.08,0.25,Matches
84,Sergio Canales,es ESP,"MF,FW",Betis,29,1991,31,28,"2,498",27.8,8,6,6,2,3,4,0,0.29,0.22,0.5,0.22,0.43,5.4,2.9,5.1,8,0.19,0.18,0.38,0.11,0.29,Matches
85,Álex Cantero,es ESP,FW,Levante,20,2000,4,3,237,2.6,0,0,0,0,0,1,0,0,0,0,0,0,0.2,0.2,1,1.1,0.06,0.36,0.43,0.06,0.43,Matches
86,Ander Capa,es ESP,DF,Athletic Club,28,1992,28,25,"2,131",23.7,2,1,2,0,0,5,0,0.08,0.04,0.13,0.08,0.13,1.1,1.1,1.6,2.7,0.05,0.07,0.11,0.05,0.11,Matches
87,Étienne Capoue,fr FRA,MF,Villarreal,32,1988,16,15,"1,185",13.2,1,0,1,0,0,5,1,0.08,0,0.08,0.08,0.08,0.5,0.5,0.1,0.6,0.04,0.01,0.05,0.04,0.05,Matches
88,Isaac Carcelen,es ESP,DF,Cádiz,27,1993,32,31,"2,581",28.7,0,1,0,0,0,3,0,0,0.03,0.03,0,0.03,0.4,0.4,1,1.4,0.01,0.03,0.05,0.01,0.05,Matches
89,Cárdenas,es ESP,GK,Levante,23,1997,8,8,720,8,0,0,0,0,0,1,0,0,0,0,0,0,0,0,0,0,0,0,0,0,0,Matches
90,Marc Cardona,es ESP,"FW,MF",Osasuna,25,1995,3,0,53,0.6,0,0,0,0,0,0,0,0,0,0,0,0,0.2,0.2,0,0.2,0.3,0,0.3,0.3,0.3,Matches
91,Diego Carlos,br BRA,DF,Sevilla,27,1993,33,32,"2,788",31,1,0,1,0,0,11,1,0.03,0,0.03,0.03,0.03,1,1,0.6,1.6,0.03,0.02,0.05,0.03,0.05,Matches
92,Juan Carlos,es ESP,"MF,FW",Huesca,29,1991,15,3,291,3.2,0,1,0,0,0,0,0,0,0.31,0.31,0,0.31,0.5,0.5,0.3,0.8,0.14,0.1,0.24,0.14,0.24,Matches
93,Yannick Carrasco,be BEL,"DF,MF",Atlético Madrid,26,1993,30,25,"2,179",24.2,6,10,6,0,0,6,0,0.25,0.41,0.66,0.25,0.66,6,6,5.6,11.6,0.25,0.23,0.48,0.25,0.48,Matches
94,Sergio Carreira,es ESP,DF,Celta Vigo,19,2000,3,3,259,2.9,1,0,1,0,0,0,0,0.35,0,0.35,0.35,0.35,0.4,0.4,0,0.4,0.13,0,0.13,0.13,0.13,Matches
95,Guido Carrillo,ar ARG,FW,Elche,29,1991,21,11,"1,002",11.1,3,2,3,0,0,3,0,0.27,0.18,0.45,0.27,0.45,2.7,2.7,1.3,4,0.24,0.11,0.36,0.24,0.36,Matches
96,Dani Carvajal,es ESP,DF,Real Madrid,28,1992,13,11,950,10.6,0,2,0,0,0,5,0,0,0.19,0.19,0,0.19,0.6,0.6,0.8,1.4,0.05,0.08,0.13,0.05,0.13,Matches
97,William Carvalho,pt POR,MF,Betis,28,1992,27,12,"1,223",13.6,2,0,2,0,0,6,1,0.15,0,0.15,0.15,0.15,1.3,1.3,0.5,1.7,0.09,0.03,0.13,0.09,0.13,Matches
98,Casemiro,br BRA,MF,Real Madrid,28,1992,34,32,"2,901",32.2,6,4,6,0,0,11,1,0.19,0.12,0.31,0.19,0.31,4.6,4.6,3.6,8.2,0.14,0.11,0.25,0.14,0.25,Matches
99,Sofian Chakla,ma MAR,DF,Getafe,26,1993,11,9,897,10,0,0,0,0,0,5,0,0,0,0,0,0,0.1,0.1,0.1,0.2,0.01,0.01,0.02,0.01,0.02,Matches
100,Sofian Chakla,ma MAR,DF,Villarreal,26,1993,1,0,13,0.1,0,0,0,0,0,0,0,0,0,0,0,0,0.1,0.1,0,0.1,0.39,0,0.39,0.39,0.39,Matches
101,Chema,es ESP,"DF,MF",Getafe,28,1992,10,7,557,6.2,0,0,0,0,0,3,1,0,0,0,0,0,0,0,0.1,0.2,0.01,0.02,0.03,0.01,0.03,Matches
102,Denis Cheryshev,ru RUS,MF,Valencia,29,1990,21,13,"1,101",12.2,0,3,0,0,0,3,0,0,0.25,0.25,0,0.25,1.5,1.5,2.4,3.9,0.12,0.2,0.32,0.12,0.32,Matches
103,Samuel Chukwueze,ng NGA,"MF,FW",Villarreal,21,1999,28,13,"1,365",15.2,4,2,4,0,0,0,0,0.26,0.13,0.4,0.26,0.4,3.5,3.5,2.6,6.1,0.23,0.17,0.41,0.23,0.41,Matches
104,Víctor Chust,es ESP,DF,Real Madrid,20,2000,2,1,95,1.1,0,0,0,0,0,0,0,0,0,0,0,0,0,0,0,0,0,0,0,0,0,Matches
105,Cifu,es ESP,DF,Elche,29,1990,11,4,451,5,0,0,0,0,0,1,0,0,0,0,0,0,0.1,0.1,0,0.1,0.02,0,0.02,0.02,0.02,Matches
106,Alberto Cifuentes,es ESP,GK,Cádiz,41,1979,2,2,180,2,0,0,0,0,0,0,0,0,0,0,0,0,0,0,0,0,0,0.02,0.02,0,0.02,Matches
107,Jasper Cillessen,nl NED,GK,Valencia,31,1989,10,10,900,10,0,0,0,0,0,0,0,0,0,0,0,0,0,0,0,0,0,0,0,0,0,Matches
108,Carlos Clerc,es ESP,DF,Levante,28,1992,35,30,"2,781",30.9,0,3,0,0,0,5,0,0,0.1,0.1,0,0.1,0.4,0.4,3.3,3.7,0.01,0.11,0.12,0.01,0.12,Matches
109,Coke,es ESP,DF,Levante,33,1987,17,11,835,9.3,0,0,0,0,0,1,0,0,0,0,0,0,0.4,0.4,0.3,0.7,0.04,0.03,0.07,0.04,0.07,Matches
110,Francis Coquelin,fr FRA,MF,Villarreal,29,1991,22,7,736,8.2,0,0,0,0,0,4,0,0,0,0,0,0,0.2,0.2,0.5,0.7,0.03,0.06,0.09,0.03,0.09,Matches
111,Iñigo Córdoba,es ESP,"FW,MF",Athletic Club,23,1997,3,1,95,1.1,0,0,0,0,0,0,0,0,0,0,0,0,0.1,0.1,0,0.1,0.11,0,0.11,0.11,0.11,Matches
112,Iñigo Córdoba,es ESP,MF,Alavés,23,1997,7,3,216,2.4,0,0,0,0,0,0,0,0,0,0,0,0,0,0,0.3,0.3,0.01,0.11,0.12,0.01,0.12,Matches
113,Ángel Correa,ar ARG,"FW,MF",Atlético Madrid,25,1995,38,29,"2,393",26.6,9,8,9,0,0,3,0,0.34,0.3,0.64,0.34,0.64,7.6,7.4,5.7,13,0.29,0.21,0.5,0.28,0.49,Matches
114,Rober Correa,es ESP,DF,Eibar,27,1992,15,13,"1,136",12.6,0,2,0,0,0,3,0,0,0.16,0.16,0,0.16,0.2,0.2,0.8,1.1,0.02,0.07,0.08,0.02,0.08,Matches
115,Thierry Correia,pt POR,DF,Valencia,21,1999,29,25,"2,137",23.7,1,1,1,0,0,6,1,0.04,0.04,0.08,0.04,0.08,1,1,1.3,2.3,0.04,0.06,0.1,0.04,0.1,Matches
116,Diego Costa,es ESP,FW,Atlético Madrid,31,1988,7,2,208,2.3,2,0,1,1,1,1,0,0.87,0,0.87,0.43,0.43,1.4,0.6,0.3,1,0.6,0.14,0.74,0.27,0.41,Matches
117,Jaume Costa,es ESP,"DF,MF",Villarreal,32,1988,14,3,351,3.9,0,1,0,0,0,1,0,0,0.26,0.26,0,0.26,0.1,0.1,0.3,0.4,0.02,0.08,0.09,0.02,0.09,Matches
118,Thibaut Courtois,be BEL,GK,Real Madrid,28,1992,38,38,"3,420",38,0,0,0,0,0,0,0,0,0,0,0,0,0,0,0,0,0,0,0,0,0,Matches
119,Philippe Coutinho,br BRA,"MF,FW",Barcelona,28,1992,12,8,654,7.3,2,2,2,0,0,0,0,0.28,0.28,0.55,0.28,0.55,3.9,3.9,0.9,4.7,0.53,0.12,0.65,0.53,0.65,Matches
120,Juan Cruz Armada,es ESP,DF,Osasuna,28,1992,26,23,"1,962",21.8,0,0,0,0,0,4,0,0,0,0,0,0,0,0,0.5,0.5,0,0.02,0.02,0,0.02,Matches
121,Sergio Cubero Ezcurra,es ESP,MF,Eibar,20,1999,1,0,1,0,0,0,0,0,0,0,0,0,0,0,0,0,0,0,0,0,0,0,0,0,0,Matches
122,Cucho,co COL,"FW,MF",Getafe,21,1999,23,18,"1,466",16.3,2,3,2,0,0,5,0,0.12,0.18,0.31,0.12,0.31,2.5,2.5,1.1,3.7,0.16,0.07,0.23,0.16,0.23,Matches
123,Marc Cucurella,es ESP,MF,Getafe,22,1998,37,37,"3,244",36,3,2,3,0,0,8,0,0.08,0.06,0.14,0.08,0.14,1.7,1.7,3,4.8,0.05,0.08,0.13,0.05,0.13,Matches
124,Patrick Cutrone,it ITA,FW,Valencia,22,1998,7,0,108,1.2,0,0,0,0,0,0,0,0,0,0,0,0,0.5,0.5,0.2,0.7,0.46,0.14,0.6,0.46,0.6,Matches
125,Moussa Dembélé,fr FRA,"FW,MF",Atlético Madrid,24,1996,5,0,100,1.1,0,0,0,0,0,0,0,0,0,0,0,0,1,1,0,1.1,0.92,0.02,0.95,0.92,0.95,Matches
126,Ousmane Dembélé,fr FRA,"FW,DF",Barcelona,23,1997,30,19,"1,774",19.7,6,3,6,0,0,2,0,0.3,0.15,0.46,0.3,0.46,5.6,5.6,4.9,10.6,0.29,0.25,0.54,0.29,0.54,Matches
127,Sergiño Dest,us USA,DF,Barcelona,19,2000,30,23,"1,909",21.2,2,1,2,0,0,1,0,0.09,0.05,0.14,0.09,0.14,2.5,2.5,2.6,5,0.12,0.12,0.24,0.12,0.24,Matches
128,Deyverson,br BRA,FW,Alavés,29,1991,27,11,874,9.7,1,3,1,0,0,4,0,0.1,0.31,0.41,0.1,0.41,1.8,1.8,1.6,3.3,0.18,0.16,0.34,0.18,0.34,Matches
129,Abdoulay Diaby,ml MLI,MF,Getafe,29,1991,1,0,18,0.2,0,0,0,0,0,0,0,0,0,0,0,0,0.3,0.3,0.1,0.4,1.69,0.53,2.22,1.69,2.22,Matches
130,Mouctar Diakhaby,fr FRA,DF,Valencia,23,1996,26,24,"2,079",23.1,1,0,1,0,0,4,1,0.04,0,0.04,0.04,0.04,1.1,1.1,0,1.1,0.05,0,0.05,0.05,0.05,Matches
131,Víctor Díaz,es ESP,DF,Granada,32,1988,17,7,828,9.2,0,2,0,0,0,3,0,0,0.22,0.22,0,0.22,0.3,0.3,0.3,0.6,0.03,0.03,0.06,0.03,0.06,Matches
132,Papakouli Diop,sn SEN,MF,Eibar,34,1986,33,28,"2,324",25.8,1,1,1,0,0,9,2,0.04,0.04,0.08,0.04,0.08,1.9,1.9,1.1,3,0.07,0.04,0.12,0.07,0.12,Matches
133,Djené,tg TOG,DF,Getafe,28,1991,34,34,"2,941",32.7,0,1,0,0,0,8,2,0,0.03,0.03,0,0.03,0.2,0.2,0.1,0.3,0.01,0,0.01,0.01,0.01,Matches
134,Marko Dmitrovi_,rs SRB,GK,Eibar,28,1992,35,35,"3,120",34.7,1,0,0,1,2,0,0,0.03,0,0.03,0,0,1.6,0.1,0.5,0.6,0.05,0.01,0.06,0,0.02,Matches
135,Jaume Doménech,es ESP,GK,Valencia,29,1990,28,28,"2,520",28,0,0,0,0,0,1,0,0,0,0,0,0,0,0,0,0,0,0,0,0,0,Matches
136,Carlos Dominguez,es ESP,DF,Celta Vigo,19,2001,4,4,360,4,0,0,0,0,0,2,0,0,0,0,0,0,0.1,0.1,0.1,0.2,0.03,0.02,0.05,0.03,0.05,Matches
137,John Donald,es ESP,"DF,FW",Elche,19,2000,2,1,50,0.6,0,0,0,0,0,0,0,0,0,0,0,0,0,0,0,0,0,0,0,0,0,Matches
138,Cheick Doukouré,ci CIV,MF,Levante,27,1992,7,0,101,1.1,0,0,0,0,0,1,0,0,0,0,0,0,0,0,0.1,0.1,0,0.08,0.08,0,0.08,Matches
139,Idrissa Doumbia,ci CIV,MF,Huesca,22,1998,23,7,779,8.7,0,0,0,0,0,4,0,0,0,0,0,0,0.4,0.4,0,0.4,0.04,0,0.05,0.04,0.05,Matches
140,Domingos Duarte,pt POR,DF,Granada,25,1995,29,27,"2,363",26.3,1,0,1,0,0,5,1,0.04,0,0.04,0.04,0.04,1.3,1.3,1,2.3,0.05,0.04,0.09,0.05,0.09,Matches
141,Óscar Duarte,cr CRC,DF,Levante,31,1989,29,23,"2,060",22.9,1,0,1,0,0,2,0,0.04,0,0.04,0.04,0.04,1.1,1.1,0.2,1.3,0.05,0.01,0.06,0.05,0.06,Matches
142,Rubén Duarte,es ESP,DF,Alavés,24,1995,31,29,"2,545",28.3,1,1,1,0,0,5,1,0.04,0.04,0.07,0.04,0.07,1.3,1.3,2.4,3.7,0.05,0.08,0.13,0.05,0.13,Matches
143,Unai Dufur,es ESP,DF,Eibar,21,1999,1,1,62,0.7,0,0,0,0,0,0,0,0,0,0,0,0,0,0,0,0,0,0,0,0,0,Matches
144,Hugo Duro,es ESP,FW,Real Madrid,20,1999,2,0,55,0.6,0,0,0,0,0,0,0,0,0,0,0,0,0.1,0.1,0.1,0.2,0.22,0.09,0.31,0.22,0.31,Matches
145,Aritz Elustondo,es ESP,DF,Real Sociedad,26,1994,23,22,"1,884",20.9,1,0,1,0,0,5,0,0.05,0,0.05,0.05,0.05,0.3,0.3,0.2,0.5,0.01,0.01,0.02,0.01,0.02,Matches
146,Rodrigo Ely,br BRA,DF,Alavés,26,1993,8,6,468,5.2,1,0,1,0,0,1,0,0.19,0,0.19,0.19,0.19,0.2,0.2,0.1,0.3,0.04,0.02,0.06,0.04,0.06,Matches
147,Emerson,br BRA,DF,Betis,21,1999,34,34,"2,991",33.2,1,4,1,0,0,9,1,0.03,0.12,0.15,0.03,0.15,1.2,1.2,2.2,3.4,0.04,0.07,0.1,0.04,0.1,Matches
148,Youssef En-Nesyri,ma MAR,FW,Sevilla,23,1997,38,23,"2,311",25.7,18,0,18,0,0,2,0,0.7,0,0.7,0.7,0.7,14.8,14.8,1.3,16.1,0.58,0.05,0.63,0.58,0.63,Matches
149,Sergi Enrich,es ESP,FW,Eibar,30,1990,27,13,"1,404",15.6,3,0,3,0,1,1,0,0.19,0,0.19,0.19,0.19,5.8,5,1,6,0.37,0.06,0.43,0.32,0.38,Matches
150,Aarón Escandell,es ESP,GK,Granada,24,1995,5,5,450,5,0,0,0,0,0,1,0,0,0,0,0,0,0,0,0,0,0,0,0,0,0,Matches
151,Dani Escriche,es ESP,"FW,MF",Huesca,22,1998,23,7,857,9.5,1,1,1,0,0,5,1,0.11,0.11,0.21,0.11,0.21,1.4,1.4,1.3,2.6,0.14,0.13,0.28,0.14,0.28,Matches
152,Sergio Escudero,es ESP,DF,Sevilla,30,1989,9,7,565,6.3,1,0,1,0,0,3,0,0.16,0,0.16,0.16,0.16,0.2,0.2,0.5,0.7,0.03,0.08,0.12,0.03,0.12,Matches
153,Alfonso Espino,uy URU,DF,Cádiz,28,1992,32,31,"2,601",28.9,0,3,0,0,0,6,0,0,0.1,0.1,0,0.1,0.2,0.2,1.3,1.5,0.01,0.04,0.05,0.01,0.05,Matches
154,Vicente Esquerdo,es ESP,MF,Valencia,21,1999,4,3,231,2.6,0,0,0,0,0,1,0,0,0,0,0,0,0,0,0.1,0.1,0.01,0.03,0.04,0.01,0.04,Matches
155,Pervis Estupiñán,ec ECU,DF,Villarreal,22,1998,25,12,"1,168",13,0,0,0,0,0,1,0,0,0,0,0,0,0.5,0.5,1.3,1.8,0.04,0.1,0.14,0.04,0.14,Matches
156,Xabier Etxeita,es ESP,DF,Getafe,32,1987,11,9,883,9.8,0,0,0,0,0,3,0,0,0,0,0,0,0.5,0.5,0.2,0.7,0.05,0.02,0.07,0.05,0.07,Matches
157,Edu Expósito,es ESP,MF,Eibar,23,1996,31,27,"2,455",27.3,0,3,0,0,2,4,0,0,0.11,0.11,0,0.11,3.3,1.8,2.8,4.6,0.12,0.1,0.22,0.07,0.17,Matches
158,Jokin Ezkieta,es ESP,GK,Athletic Club,23,1996,1,1,90,1,0,0,0,0,0,0,0,0,0,0,0,0,0,0,0,0,0,0,0,0,0,Matches
159,Fali,es ESP,"DF,MF",Cádiz,26,1993,34,29,"2,637",29.3,0,0,0,0,0,11,0,0,0,0,0,0,0.7,0.7,0.7,1.4,0.02,0.02,0.05,0.02,0.05,Matches
160,Ansu Fati,es ESP,FW,Barcelona,17,2002,7,6,431,4.8,4,0,4,0,0,1,0,0.84,0,0.84,0.84,0.84,1.8,1.8,1.4,3.2,0.37,0.29,0.66,0.37,0.66,Matches
161,Nabil Fekir,fr FRA,"MF,FW",Betis,27,1993,33,33,"2,622",29.1,5,6,4,1,3,5,1,0.17,0.21,0.38,0.14,0.34,7.5,5.2,5.3,10.5,0.26,0.18,0.44,0.18,0.36,Matches
162,Felipe,br BRA,DF,Atlético Madrid,31,1989,31,23,"2,057",22.9,0,0,0,0,0,8,0,0,0,0,0,0,0.9,0.9,0.2,1.1,0.04,0.01,0.05,0.04,0.05,Matches
163,João Félix,pt POR,"FW,MF",Atlético Madrid,20,1999,31,14,"1,572",17.5,7,5,6,1,2,6,0,0.4,0.29,0.69,0.34,0.63,5.1,3.6,3.8,7.3,0.29,0.22,0.51,0.2,0.42,Matches
164,Aitor Fernández,es ESP,GK,Levante,29,1991,29,29,"2,610",29,0,0,0,0,0,0,0,0,0,0,0,0,0,0,0,0,0,0,0,0,0,Matches
165,Álex Fernández,es ESP,MF,Cádiz,27,1992,25,21,"1,946",21.6,4,1,2,2,2,1,0,0.18,0.05,0.23,0.09,0.14,3.2,1.7,1.8,3.5,0.15,0.08,0.23,0.08,0.16,Matches
166,Álvaro Fernández,es ESP,GK,Huesca,22,1998,22,22,"1,980",22,0,0,0,0,0,0,0,0,0,0,0,0,0,0,0.1,0.1,0,0,0,0,0,Matches
167,Andrés Fernández,es ESP,GK,Huesca,33,1986,16,16,"1,440",16,0,0,0,0,0,0,0,0,0,0,0,0,0,0,0,0,0,0,0,0,0,Matches
168,Augusto Fernández,ar ARG,MF,Cádiz,34,1986,12,4,369,4.1,0,0,0,0,0,1,0,0,0,0,0,0,0,0,0,0,0,0,0,0,0,Matches
169,Carlos Fernández,es ESP,"FW,MF",Real Sociedad,24,1996,11,4,390,4.3,1,2,1,0,0,5,0,0.23,0.46,0.69,0.23,0.69,1.1,1.1,0.6,1.8,0.26,0.15,0.41,0.26,0.41,Matches
170,Carlos Fernández,es ESP,FW,Sevilla,24,1996,5,2,143,1.6,0,0,0,0,0,0,0,0,0,0,0,0,0.1,0.1,0.1,0.2,0.09,0.06,0.14,0.09,0.14,Matches
171,Joaquín Fernández,es ESP,DF,Valladolid,24,1996,25,24,"2,073",23,1,0,1,0,0,8,0,0.04,0,0.04,0.04,0.04,1.3,1.3,0.3,1.5,0.05,0.01,0.07,0.05,0.07,Matches
172,Fernando,br BRA,MF,Sevilla,33,1987,31,28,"2,546",28.3,3,4,3,0,0,6,0,0.11,0.14,0.25,0.11,0.25,0.7,0.7,3.4,4.1,0.02,0.12,0.14,0.02,0.14,Matches
173,David Ferreiro,es ESP,"MF,FW",Huesca,32,1988,37,29,"2,527",28.1,2,4,2,0,0,5,0,0.07,0.14,0.21,0.07,0.21,1.9,1.9,5.5,7.4,0.07,0.19,0.26,0.07,0.26,Matches
174,Facundo Ferreyra,ar ARG,FW,Celta Vigo,29,1991,13,2,300,3.3,1,0,1,0,0,5,1,0.3,0,0.3,0.3,0.3,1.4,1.4,0,1.4,0.43,0,0.43,0.43,0.43,Matches
175,Fidel,es ESP,"MF,DF",Elche,30,1989,30,28,"2,396",26.6,6,3,4,2,3,8,0,0.23,0.11,0.34,0.15,0.26,4.1,1.9,5.1,6.9,0.16,0.19,0.35,0.07,0.26,Matches
176,Junior Firpo,es ESP,DF,Barcelona,23,1996,7,3,289,3.2,1,1,1,0,0,2,0,0.31,0.31,0.62,0.31,0.62,0.8,0.8,0.7,1.5,0.26,0.21,0.47,0.26,0.47,Matches
177,Kingsley Fobi,gh GHA,DF,Granada,21,1998,1,0,45,0.5,0,0,0,0,0,0,0,0,0,0,0,0,0,0,0,0,0,0,0,0,0,Matches
178,Ramón Folch,es ESP,MF,Elche,30,1989,1,0,1,0,0,0,0,0,0,0,0,0,0,0,0,0,0,0,0,0,0,0,0,0,0,Matches
179,José Fontán,es ESP,DF,Celta Vigo,20,2000,14,7,652,7.2,0,0,0,0,0,3,1,0,0,0,0,0,0.6,0.6,0,0.6,0.08,0,0.08,0.08,0.08,Matches
180,Dimitri Foulquier,fr FRA,DF,Granada,27,1993,32,32,"2,663",29.6,0,4,0,0,0,7,0,0,0.14,0.14,0,0.14,0.3,0.3,1.8,2.1,0.01,0.06,0.07,0.01,0.07,Matches
181,Juan Foyth,ar ARG,"DF,MF",Villarreal,22,1998,16,13,"1,168",13,0,0,0,0,0,6,0,0,0,0,0,0,0.1,0.1,0.2,0.3,0.01,0.02,0.02,0.01,0.02,Matches
182,Jorge de Frutos,es ESP,"MF,FW",Levante,23,1997,37,22,"2,186",24.3,4,9,4,0,0,3,0,0.16,0.37,0.54,0.16,0.54,3.3,3.3,5.3,8.6,0.13,0.22,0.35,0.13,0.35,Matches
183,Ramiro Funes Mori,ar ARG,DF,Villarreal,29,1991,10,8,727,8.1,0,0,0,0,0,1,0,0,0,0,0,0,1.2,1.2,0,1.2,0.15,0,0.15,0.15,0.15,Matches
184,Javi Galán,es ESP,DF,Huesca,25,1994,37,34,"3,065",34.1,1,2,1,0,0,5,0,0.03,0.06,0.09,0.03,0.09,0.2,0.2,3.1,3.3,0.01,0.09,0.1,0.01,0.1,Matches
185,Enric Gallego,es ESP,FW,Osasuna,33,1986,22,8,806,9,0,2,0,0,0,2,0,0,0.22,0.22,0,0.22,1.5,1.5,0.7,2.1,0.16,0.07,0.24,0.16,0.24,Matches
186,Kévin Gameiro,fr FRA,FW,Valencia,33,1987,27,10,"1,077",12,4,1,4,0,0,0,0,0.33,0.08,0.42,0.33,0.42,3.4,3.4,1.2,4.6,0.29,0.1,0.38,0.29,0.38,Matches
187,Aleix García,es ESP,MF,Eibar,23,1997,11,5,437,4.9,0,1,0,0,0,1,0,0,0.21,0.21,0,0.21,0.4,0.4,0.8,1.2,0.07,0.17,0.24,0.07,0.24,Matches
188,Borja García,es ESP,"MF,FW",Huesca,29,1990,21,13,"1,117",12.4,1,0,1,0,0,0,0,0.08,0,0.08,0.08,0.08,1.3,1.3,1.2,2.5,0.1,0.1,0.2,0.1,0.2,Matches
189,Dani García,es ESP,MF,Athletic Club,30,1990,27,21,"1,920",21.3,0,1,0,0,0,8,0,0,0.05,0.05,0,0.05,0.4,0.4,0.4,0.8,0.02,0.02,0.04,0.02,0.04,Matches
190,David García,es ESP,DF,Osasuna,26,1994,35,35,"3,150",35,1,0,1,0,0,8,0,0.03,0,0.03,0.03,0.03,1.5,1.5,0.3,1.8,0.04,0.01,0.05,0.04,0.05,Matches
191,Manu García,es ESP,MF,Alavés,34,1986,25,10,"1,124",12.5,0,0,0,0,0,9,1,0,0,0,0,0,0.7,0.7,0.3,1,0.06,0.02,0.08,0.06,0.08,Matches
192,Raúl García,es ESP,"DF,MF",Valladolid,31,1989,8,5,504,5.6,1,0,1,0,0,2,0,0.18,0,0.18,0.18,0.18,0.1,0.1,0.2,0.4,0.02,0.04,0.07,0.02,0.07,Matches
193,Raúl García,es ESP,"FW,MF",Athletic Club,34,1986,34,21,"1,743",19.4,5,1,3,2,3,8,2,0.26,0.05,0.31,0.15,0.21,6.4,4.1,1.3,5.4,0.33,0.07,0.4,0.21,0.28,Matches
194,Rubén García,es ESP,"MF,FW",Osasuna,27,1993,37,33,"2,718",30.2,3,5,2,1,1,2,0,0.1,0.17,0.26,0.07,0.23,3.4,2.7,5.1,7.8,0.11,0.17,0.28,0.09,0.26,Matches
195,Sergi García,es ESP,MF,Alavés,21,1999,2,0,16,0.2,0,0,0,0,0,0,0,0,0,0,0,0,0,0,0,0,0,0,0,0,0,Matches
196,Unai García,es ESP,DF,Osasuna,28,1992,17,13,"1,242",13.8,0,0,0,0,0,3,0,0,0,0,0,0,0.5,0.5,0.2,0.7,0.04,0.02,0.05,0.04,0.05,Matches
197,Mario Gaspar,es ESP,DF,Villarreal,29,1990,24,21,"1,851",20.6,0,2,0,0,0,3,1,0,0.1,0.1,0,0.1,0.8,0.8,1.7,2.5,0.04,0.08,0.12,0.04,0.12,Matches
198,Paulo Gazzaniga,ar ARG,GK,Elche,28,1992,8,8,720,8,0,0,0,0,0,3,0,0,0,0,0,0,0,0,0.1,0.1,0,0.01,0.01,0,0.01,Matches
199,David Gil,es ESP,GK,Cádiz,26,1994,4,4,360,4,0,0,0,0,0,0,0,0,0,0,0,0,0,0,0,0,0,0,0,0,0,Matches
200,Álvaro Giménez,es ESP,"FW,MF",Cádiz,29,1991,11,3,407,4.5,2,1,2,0,0,0,0,0.44,0.22,0.66,0.44,0.66,1.4,1.4,0,1.4,0.31,0.01,0.32,0.31,0.32,Matches
201,Dani Gómez,es ESP,FW,Levante,22,1998,34,17,"1,666",18.5,2,2,2,0,0,3,0,0.11,0.11,0.22,0.11,0.22,3.1,3.1,1.1,4.2,0.17,0.06,0.22,0.17,0.22,Matches
202,Ibai Gómez,es ESP,MF,Athletic Club,30,1989,13,4,424,4.7,0,1,0,0,0,0,0,0,0.21,0.21,0,0.21,0.2,0.2,0.7,0.9,0.04,0.14,0.18,0.04,0.18,Matches
203,Maxi Gómez,uy URU,FW,Valencia,23,1996,31,31,"2,689",29.9,7,1,7,0,0,7,1,0.23,0.03,0.27,0.23,0.27,6.8,6.8,0.9,7.8,0.23,0.03,0.26,0.23,0.26,Matches
204,Moi Gómez,es ESP,"MF,FW",Villarreal,26,1994,35,29,"2,563",28.5,4,0,3,1,1,1,0,0.14,0,0.14,0.11,0.11,4.2,3.5,2.5,6,0.15,0.09,0.24,0.12,0.21,Matches
205,Papu Gómez,ar ARG,"MF,FW",Sevilla,32,1988,18,11,914,10.2,3,1,3,0,0,0,0,0.3,0.1,0.39,0.3,0.39,1.2,1.2,1.1,2.3,0.12,0.11,0.22,0.12,0.22,Matches
206,Sergi Gómez,es ESP,DF,Sevilla,28,1992,9,9,719,8,0,0,0,0,0,2,0,0,0,0,0,0,0,0,0,0,0,0,0,0,0,Matches
207,Sergio Gómez,es ESP,"MF,FW",Huesca,19,2000,29,4,792,8.8,0,1,0,0,0,1,0,0,0.11,0.11,0,0.11,0.6,0.6,1.2,1.8,0.07,0.14,0.21,0.07,0.21,Matches
208,Maxime Gonalons,fr FRA,MF,Granada,31,1989,25,18,"1,480",16.4,0,1,0,0,0,7,1,0,0.06,0.06,0,0.06,0.1,0.1,0.6,0.7,0.01,0.03,0.04,0.01,0.04,Matches
209,Bruno González,es ESP,DF,Valladolid,30,1990,27,25,"2,263",25.1,1,0,1,0,0,8,0,0.04,0,0.04,0.04,0.04,0.3,0.3,0,0.3,0.01,0,0.01,0.01,0.01,Matches
210,Diego González,es ESP,DF,Elche,25,1995,19,15,"1,280",14.2,1,0,1,0,0,5,0,0.07,0,0.07,0.07,0.07,0.5,0.5,0.1,0.6,0.04,0,0.04,0.04,0.04,Matches
211,Sergio González,es ESP,"MF,DF",Cádiz,23,1997,1,1,90,1,0,0,0,0,0,0,0,0,0,0,0,0,0,0,0,0,0.02,0.02,0.04,0.02,0.04,Matches
212,Urko González,es ESP,MF,Real Sociedad,19,2001,2,1,47,0.5,0,0,0,0,0,1,0,0,0,0,0,0,0,0,0,0,0,0.07,0.07,0,0.07,Matches
213,Andoni Gorosabel,es ESP,DF,Real Sociedad,23,1996,32,28,"2,382",26.5,0,1,0,0,0,3,0,0,0.04,0.04,0,0.04,0.6,0.6,2.4,3,0.02,0.09,0.11,0.02,0.11,Matches
214,Antoine Griezmann,fr FRA,"FW,MF",Barcelona,29,1991,36,32,"2,604",28.9,13,7,12,1,2,4,0,0.45,0.24,0.69,0.41,0.66,13.9,12.4,5.6,18,0.48,0.19,0.67,0.43,0.62,Matches
215,Andrés Guardado,mx MEX,MF,Betis,33,1986,24,17,"1,318",14.6,1,0,1,0,0,4,0,0.07,0,0.07,0.07,0.07,0.4,0.4,0.5,0.9,0.02,0.04,0.06,0.02,0.06,Matches
216,Sergi Guardiola,es ESP,FW,Valladolid,29,1991,29,19,"1,795",19.9,1,2,0,1,2,5,0,0.05,0.1,0.15,0,0.1,5,3.5,1.6,5.1,0.25,0.08,0.33,0.18,0.25,Matches
217,Nemanja Gudelj,rs SRB,"MF,DF",Sevilla,28,1991,30,10,"1,041",11.6,0,0,0,0,0,8,0,0,0,0,0,0,0.2,0.2,0,0.2,0.02,0,0.02,0.02,0.02,Matches
218,Gonçalo Guedes,pt POR,"MF,FW",Valencia,23,1996,31,27,"2,287",25.4,5,5,5,0,0,3,1,0.2,0.2,0.39,0.2,0.39,3.4,3.4,3.6,7.1,0.14,0.14,0.28,0.14,0.28,Matches
219,Ander Guevara,es ESP,MF,Real Sociedad,23,1997,31,25,"2,081",23.1,1,1,1,0,0,5,0,0.04,0.04,0.09,0.04,0.09,0.5,0.5,0.8,1.3,0.02,0.03,0.06,0.02,0.06,Matches
220,John Guidetti,se SWE,"FW,MF",Alavés,28,1992,10,1,208,2.3,1,0,1,0,0,1,0,0.43,0,0.43,0.43,0.43,1.1,1.1,0,1.1,0.48,0.01,0.49,0.48,0.49,Matches
221,Hugo Guillamón,es ESP,DF,Valencia,20,2000,25,21,"1,988",22.1,1,0,1,0,0,8,0,0.05,0,0.05,0.05,0.05,0.5,0.5,0,0.5,0.02,0,0.02,0.02,0.02,Matches
222,Jon Guridi,es ESP,MF,Real Sociedad,25,1995,17,8,831,9.2,0,1,0,0,0,2,0,0,0.11,0.11,0,0.11,0.8,0.8,0.7,1.5,0.08,0.08,0.16,0.08,0.16,Matches
223,Raúl Guti,es ESP,MF,Elche,23,1996,36,33,"2,862",31.8,3,1,3,0,0,4,1,0.09,0.03,0.13,0.09,0.13,1.5,1.5,0.6,2.1,0.05,0.02,0.07,0.05,0.07,Matches
224,Marcos Mauro López Gutiérrez,ar ARG,DF,Cádiz,29,1991,24,22,"1,825",20.3,2,0,2,0,0,2,1,0.1,0,0.1,0.1,0.1,1.5,1.5,0.1,1.5,0.07,0,0.08,0.07,0.08,Matches
225,Miguel Gutiérrez,es ESP,DF,Real Madrid,19,2001,6,3,316,3.5,0,1,0,0,0,0,0,0,0.28,0.28,0,0.28,0,0,0.2,0.2,0,0.06,0.06,0,0.06,Matches
226,Munir El Haddadi,ma MAR,FW,Sevilla,24,1995,24,9,845,9.4,4,2,4,0,0,2,0,0.43,0.21,0.64,0.43,0.64,3.5,3.5,1.6,5.1,0.37,0.17,0.55,0.37,0.55,Matches
227,Eden Hazard,be BEL,"FW,MF",Real Madrid,29,1991,14,7,532,5.9,3,2,3,0,0,0,0,0.51,0.34,0.85,0.51,0.85,1.6,1.6,0.8,2.4,0.27,0.14,0.4,0.27,0.4,Matches
228,Mario Hermoso,es ESP,DF,Atlético Madrid,25,1995,31,30,"2,578",28.6,1,1,1,0,0,6,0,0.03,0.03,0.07,0.03,0.07,1.2,1.2,0.4,1.6,0.04,0.02,0.06,0.04,0.06,Matches
229,Aridane Hernández,gq EQG,DF,Osasuna,31,1989,24,24,"2,026",22.5,0,0,0,0,0,3,1,0,0,0,0,0,0.1,0.1,0.5,0.6,0,0.02,0.03,0,0.03,Matches
230,Héctor Herrera,mx MEX,MF,Atlético Madrid,30,1990,16,8,682,7.6,0,1,0,0,0,2,0,0,0.13,0.13,0,0.13,0.2,0.2,0.3,0.6,0.03,0.04,0.08,0.03,0.08,Matches
231,Sergio Herrera,es ESP,GK,Osasuna,27,1993,33,32,"2,958",32.9,0,0,0,0,0,2,0,0,0,0,0,0,0,0,0,0,0,0,0,0,0,Matches
232,Yangel Herrera,ve VEN,MF,Granada,22,1998,32,25,"2,310",25.7,3,1,3,0,0,7,0,0.12,0.04,0.16,0.12,0.16,1.9,1.9,1.1,3,0.07,0.04,0.12,0.07,0.12,Matches
233,Pablo Hervías,es ESP,"DF,MF",Valladolid,27,1993,27,10,"1,204",13.4,0,5,0,0,0,1,0,0,0.37,0.37,0,0.37,0.5,0.5,3.4,3.8,0.04,0.25,0.29,0.04,0.29,Matches
234,Jordan Holsgrove,sct SCO,MF,Celta Vigo,20,1999,5,0,145,1.6,0,0,0,0,0,0,0,0,0,0,0,0,0.1,0.1,0,0.1,0.05,0.02,0.07,0.05,0.07,Matches
235,Vicente Iborra,es ESP,MF,Villarreal,32,1988,13,10,928,10.3,0,0,0,0,0,4,0,0,0,0,0,0,0.2,0.2,0.2,0.3,0.02,0.02,0.03,0.02,0.03,Matches
236,Oussama Idrissi,ma MAR,"FW,MF",Sevilla,24,1996,3,0,27,0.3,0,0,0,0,0,0,0,0,0,0,0,0,0.3,0.3,0,0.3,0.96,0,0.96,0.96,0.96,Matches
237,Iglesias,es ESP,"DF,MF",Getafe,22,1998,10,7,605,6.7,0,0,0,0,0,2,0,0,0,0,0,0,0.1,0.1,0.3,0.4,0.02,0.05,0.06,0.02,0.06,Matches
238,Borja Iglesias,es ESP,FW,Betis,27,1993,28,15,"1,411",15.7,11,0,6,5,5,2,0,0.7,0,0.7,0.38,0.38,7.7,3.9,0.5,4.4,0.49,0.03,0.52,0.25,0.28,Matches
239,Ilaix,es ESP,MF,Barcelona,17,2003,14,4,542,6,1,2,1,0,0,1,0,0.17,0.33,0.5,0.17,0.5,1.2,1.2,0.8,2,0.19,0.14,0.33,0.19,0.33,Matches
240,Asier Illarramendi,es ESP,MF,Real Sociedad,30,1990,6,6,337,3.7,0,0,0,0,0,2,0,0,0,0,0,0,0,0,0,0,0,0.01,0.01,0,0.01,Matches
241,Pablo Insua,es ESP,DF,Huesca,26,1993,20,17,"1,587",17.6,0,0,0,0,0,9,0,0,0,0,0,0,0.1,0.1,0.1,0.2,0.01,0,0.01,0.01,0.01,Matches
242,Takashi Inui,jp JPN,"MF,FW",Eibar,32,1988,28,22,"1,819",20.2,1,0,1,0,0,0,0,0.05,0,0.05,0.05,0.05,2.4,2.4,1.9,4.3,0.12,0.09,0.21,0.12,0.21,Matches
243,Alexander Isak,se SWE,FW,Real Sociedad,20,1999,34,30,"2,340",26,17,2,17,0,1,4,0,0.65,0.08,0.73,0.65,0.73,15.5,14.7,2.3,17,0.6,0.09,0.68,0.57,0.66,Matches
244,Isco,es ESP,"MF,FW",Real Madrid,28,1992,25,8,908,10.1,0,2,0,0,0,1,0,0,0.2,0.2,0,0.2,1.8,1.8,1.7,3.5,0.18,0.17,0.35,0.18,0.35,Matches
245,Jairo Izquierdo,es ESP,"MF,DF",Cádiz,26,1993,30,11,"1,277",14.2,1,0,1,0,0,4,0,0.07,0,0.07,0.07,0.07,0.8,0.8,0.9,1.8,0.06,0.07,0.12,0.06,0.12,Matches
246,Saidy Janko,ch SUI,DF,Valladolid,24,1995,19,14,"1,220",13.6,0,1,0,0,0,4,0,0,0.07,0.07,0,0.07,0.4,0.4,0.4,0.8,0.03,0.03,0.06,0.03,0.06,Matches
247,Adnan Januzaj,be BEL,"FW,MF",Real Sociedad,25,1995,27,12,"1,014",11.3,4,5,1,3,3,2,0,0.36,0.44,0.8,0.09,0.53,5.1,2.8,4.4,7.2,0.45,0.39,0.85,0.25,0.64,Matches
248,Jason,es ESP,"MF,DF",Valencia,26,1994,17,4,441,4.9,0,0,0,0,0,4,1,0,0,0,0,0,0.2,0.2,0.6,0.8,0.03,0.12,0.16,0.03,0.16,Matches
249,Luis Javier Suárez,co COL,"FW,MF",Granada,22,1997,27,18,"1,666",18.5,5,1,5,0,0,6,0,0.27,0.05,0.32,0.27,0.32,6.7,6.7,1.4,8,0.36,0.07,0.43,0.36,0.43,Matches
250,Joaquín,es ESP,"FW,MF",Betis,39,1981,27,16,"1,291",14.3,2,6,2,0,0,2,0,0.14,0.42,0.56,0.14,0.56,1,1,2.5,3.5,0.07,0.18,0.24,0.07,0.24,Matches
251,John Joe,ie IRL,"MF,DF",Getafe,16,2003,6,0,65,0.7,0,0,0,0,0,0,0,0,0,0,0,0,0.1,0.1,0,0.1,0.18,0,0.18,0.18,0.18,Matches
252,Frenkie de Jong,nl NED,"MF,DF",Barcelona,23,1997,37,35,"3,154",35,3,4,3,0,0,5,0,0.09,0.11,0.2,0.09,0.2,5.5,5.5,5.5,11,0.16,0.16,0.31,0.16,0.31,Matches
253,Luuk de Jong,nl NED,FW,Sevilla,29,1990,34,14,"1,268",14.1,4,0,4,0,0,3,0,0.28,0,0.28,0.28,0.28,3.8,3.8,1.1,4.9,0.27,0.08,0.35,0.27,0.35,Matches
254,Jony,es ESP,"MF,FW",Osasuna,29,1991,22,9,871,9.7,0,2,0,0,0,0,0,0,0.21,0.21,0,0.21,0.7,0.7,2.3,3,0.07,0.24,0.31,0.07,0.31,Matches
255,Joan Jordán,es ESP,MF,Sevilla,26,1994,35,28,"2,406",26.7,1,6,1,0,0,8,1,0.04,0.22,0.26,0.04,0.26,1.5,1.5,2.8,4.3,0.05,0.11,0.16,0.05,0.16,Matches
256,Josan,es ESP,"MF,DF",Elche,30,1989,33,24,"1,926",21.4,4,2,4,0,0,3,0,0.19,0.09,0.28,0.19,0.28,1.7,1.7,1.6,3.3,0.08,0.07,0.15,0.08,0.15,Matches
257,Willian José,br BRA,FW,Real Sociedad,28,1991,13,8,689,7.7,3,1,3,0,1,0,0,0.39,0.13,0.52,0.39,0.52,4.3,3.5,0.9,4.4,0.56,0.11,0.67,0.46,0.58,Matches
258,Joselu,es ESP,FW,Alavés,30,1990,37,34,"3,026",33.6,11,3,9,2,4,1,0,0.33,0.09,0.42,0.27,0.36,13.7,10.6,3,13.6,0.41,0.09,0.5,0.32,0.41,Matches
259,Josema,es ESP,DF,Elche,24,1996,29,21,"1,966",21.8,0,1,0,0,0,3,0,0,0.05,0.05,0,0.05,0.3,0.3,0.6,0.8,0.01,0.03,0.04,0.01,0.04,Matches
260,Jota,es ESP,MF,Alavés,29,1991,23,18,"1,398",15.5,0,2,0,0,0,5,1,0,0.13,0.13,0,0.13,0.9,0.9,1.9,2.8,0.06,0.12,0.18,0.06,0.18,Matches
261,Jota,pt POR,FW,Valladolid,21,1999,17,7,668,7.4,1,0,1,0,0,1,0,0.13,0,0.13,0.13,0.13,,,,,,,,,,Matches
262,Luka Jovi_,rs SRB,"FW,MF",Real Madrid,22,1997,4,2,149,1.7,0,0,0,0,0,0,0,0,0,0,0,0,1.1,1.1,0.1,1.2,0.67,0.08,0.75,0.67,0.75,Matches
263,Juanmi,es ESP,"FW,MF",Betis,27,1993,16,5,604,6.7,2,0,2,0,0,1,0,0.3,0,0.3,0.3,0.3,3,3,0.1,3.1,0.45,0.01,0.46,0.45,0.46,Matches
264,Vinicius Júnior,br BRA,FW,Real Madrid,20,2000,35,22,"1,969",21.9,3,3,3,0,0,3,0,0.14,0.14,0.27,0.14,0.27,6.5,6.5,3.1,9.6,0.3,0.14,0.44,0.3,0.44,Matches
265,Jens Jønsson,dk DEN,MF,Cádiz,27,1993,35,33,"2,615",29.1,0,0,0,0,0,6,0,0,0,0,0,0,0.8,0.8,1.7,2.5,0.03,0.06,0.09,0.03,0.09,Matches
266,Damian K_dzior,pl POL,"FW,MF",Eibar,28,1992,6,2,195,2.2,0,0,0,0,0,0,0,0,0,0,0,0,0.1,0.1,0,0.1,0.05,0.01,0.06,0.05,0.06,Matches
267,Lee Kangin,kr KOR,"FW,MF",Valencia,19,2001,24,15,"1,262",14,0,4,0,0,0,1,0,0,0.29,0.29,0,0.29,1.2,1.2,2.5,3.8,0.09,0.18,0.27,0.09,0.27,Matches
268,Stephane Keller,cm CMR,DF,Alavés,18,2001,1,0,16,0.2,0,0,0,0,0,0,0,0,0,0,0,0,0,0,0,0,0,0,0,0,0,Matches
269,Kenedy,br BRA,"FW,MF",Granada,24,1996,28,18,"1,471",16.3,4,3,4,0,0,3,0,0.24,0.18,0.43,0.24,0.43,2.1,2.1,2.6,4.7,0.13,0.16,0.29,0.13,0.29,Matches
270,Kike,es ESP,FW,Eibar,30,1989,37,36,"3,087",34.3,12,2,12,0,0,4,1,0.35,0.06,0.41,0.35,0.41,10.4,10.4,2.1,12.5,0.3,0.06,0.37,0.3,0.37,Matches
271,Giorgi Kochorashvili,ge GEO,MF,Levante,21,1999,3,0,23,0.3,0,0,0,0,0,0,0,0,0,0,0,0,0,0,0,0,0.03,0.15,0.18,0.03,0.18,Matches
272,Kenan Kodro,ba BIH,"FW,MF",Athletic Club,26,1993,3,0,44,0.5,1,0,0,1,1,1,0,2.05,0,2.05,0,0,0.8,0,0,0,1.6,0,1.6,0.04,0.04,Matches
273,Kenan Kodro,ba BIH,"FW,MF",Valladolid,26,1993,14,4,459,5.1,0,0,0,0,0,1,0,0,0,0,0,0,1.1,1.1,0.1,1.2,0.21,0.03,0.24,0.21,0.24,Matches
274,Koba Koindredi,fr FRA,MF,Valencia,18,2001,2,0,15,0.2,0,0,0,0,0,0,0,0,0,0,0,0,0,0,0,0,0,0,0,0,0,Matches
275,Koke,es ESP,MF,Atlético Madrid,28,1992,37,34,"3,021",33.6,1,2,1,0,0,9,0,0.03,0.06,0.09,0.03,0.09,1.9,1.9,2.6,4.5,0.06,0.08,0.13,0.06,0.13,Matches
276,Geoffrey Kondogbia,cf CTA,"MF,FW",Atlético Madrid,27,1993,25,4,611,6.8,0,0,0,0,0,4,0,0,0,0,0,0,0.2,0.2,0.3,0.4,0.02,0.04,0.07,0.02,0.07,Matches
277,Geoffrey Kondogbia,cf CTA,MF,Valencia,27,1993,5,5,440,4.9,0,0,0,0,0,1,0,0,0,0,0,0,0.1,0.1,0,0.1,0.01,0,0.01,0.01,0.01,Matches
278,Youssouf Koné,ml MLI,"DF,FW",Elche,25,1995,3,1,73,0.8,0,0,0,0,0,0,0,0,0,0,0,0,0,0,0,0,0,0,0,0,0,Matches
279,Jules Koundé,fr FRA,DF,Sevilla,21,1998,34,33,"2,975",33.1,2,1,2,0,0,4,0,0.06,0.03,0.09,0.06,0.09,2.1,2.1,0.7,2.8,0.06,0.02,0.08,0.06,0.08,Matches
280,Toni Kroos,de GER,MF,Real Madrid,30,1990,28,24,"2,117",23.5,3,10,3,0,0,6,0,0.13,0.43,0.55,0.13,0.55,2.2,2.2,6.7,8.9,0.09,0.28,0.38,0.09,0.38,Matches
281,Takefusa Kubo,jp JPN,"MF,FW",Getafe,19,2001,18,8,805,8.9,1,1,1,0,0,2,0,0.11,0.11,0.22,0.11,0.22,0.9,0.9,0.8,1.7,0.1,0.09,0.19,0.1,0.19,Matches
282,Takefusa Kubo,jp JPN,"MF,FW",Villarreal,19,2001,13,2,299,3.3,0,0,0,0,0,2,1,0,0,0,0,0,1.4,1.4,0.5,1.9,0.41,0.16,0.57,0.41,0.57,Matches
283,Kuki,es ESP,MF,Valladolid,22,1998,2,0,30,0.3,0,1,0,0,0,0,0,0,3,3,0,3,0,0,0.1,0.1,0,0.16,0.16,0,0.16,Matches
284,Víctor Laguardia,es ESP,DF,Alavés,30,1989,32,30,"2,631",29.2,0,1,0,0,0,5,1,0,0.03,0.03,0,0.03,1.1,1.1,1,2.1,0.04,0.03,0.07,0.04,0.07,Matches
285,Diego Lainez,mx MEX,FW,Betis,20,2000,21,8,862,9.6,0,2,0,0,0,5,0,0,0.21,0.21,0,0.21,0.9,0.9,0.9,1.8,0.1,0.09,0.19,0.1,0.19,Matches
286,Toni Lato,es ESP,DF,Valencia,22,1997,15,8,728,8.1,1,0,1,0,0,3,0,0.12,0,0.12,0.12,0.12,1,1,0.3,1.3,0.12,0.04,0.16,0.12,0.16,Matches
287,Lauti,uy URU,"MF,FW",Celta Vigo,19,2001,1,0,14,0.2,0,0,0,0,0,0,0,0,0,0,0,0,0,0,0,0,0,0,0,0,0,Matches
288,Robin Le Normand,fr FRA,DF,Real Sociedad,23,1996,33,30,"2,747",30.5,0,1,0,0,0,5,1,0,0.03,0.03,0,0.03,2,2,0.1,2.1,0.07,0,0.07,0.07,0.07,Matches
289,Jeremías Ledesma,ar ARG,GK,Cádiz,27,1993,32,32,"2,880",32,0,0,0,0,0,0,0,0,0,0,0,0,0,0,0,0,0,0,0,0,0,Matches
290,Florian Lejeune,fr FRA,DF,Alavés,29,1991,34,34,"3,015",33.5,1,1,1,0,0,10,0,0.03,0.03,0.06,0.03,0.06,2.2,2.2,0.3,2.5,0.06,0.01,0.07,0.06,0.07,Matches
291,Iñigo Lekue,es ESP,DF,Athletic Club,27,1993,18,5,644,7.2,0,0,0,0,0,1,0,0,0,0,0,0,0.1,0.1,0.4,0.5,0.01,0.06,0.07,0.01,0.07,Matches
292,Thomas Lemar,fr FRA,"MF,FW",Atlético Madrid,24,1995,27,19,"1,366",15.2,1,3,1,0,0,4,0,0.07,0.2,0.26,0.07,0.26,1.3,1.3,2,3.3,0.09,0.13,0.22,0.09,0.22,Matches
293,Clément Lenglet,fr FRA,DF,Barcelona,25,1995,33,29,"2,475",27.5,1,0,1,0,0,11,2,0.04,0,0.04,0.04,0.04,1.4,1.4,0.9,2.3,0.05,0.03,0.08,0.05,0.08,Matches
294,Pedro León,es ESP,"MF,FW",Eibar,33,1986,24,10,935,10.4,1,2,1,0,0,2,0,0.1,0.19,0.29,0.1,0.29,1.3,1.3,2.3,3.5,0.12,0.22,0.34,0.12,0.34,Matches
295,Sergio León,es ESP,FW,Levante,31,1989,28,6,748,8.3,2,0,2,0,0,0,0,0.24,0,0.24,0.24,0.24,2.3,2.3,0.3,2.7,0.28,0.04,0.32,0.28,0.32,Matches
296,Diego Llorente,es ESP,DF,Real Sociedad,26,1993,1,1,90,1,0,0,0,0,0,0,0,0,0,0,0,0,0,0,0,0,0,0,0,0,0,Matches
297,Marcos Llorente,es ESP,"MF,DF",Atlético Madrid,25,1995,37,33,"2,956",32.8,12,11,12,0,0,6,0,0.37,0.33,0.7,0.37,0.7,4.3,4.3,5.2,9.5,0.13,0.16,0.29,0.13,0.29,Matches
298,Renan Lodi,br BRA,DF,Atlético Madrid,22,1998,23,11,"1,129",12.5,1,2,1,0,0,3,0,0.08,0.16,0.24,0.08,0.24,0.7,0.7,1.1,1.9,0.06,0.09,0.15,0.06,0.15,Matches
299,Pedro López Muñoz,es ESP,DF,Huesca,36,1983,22,10,"1,067",11.9,0,1,0,0,0,2,0,0,0.08,0.08,0,0.08,0.1,0.1,0.8,0.8,0.01,0.06,0.07,0.01,0.07,Matches
300,Adrián López,es ESP,"FW,MF",Osasuna,32,1988,17,5,481,5.3,1,1,1,0,0,0,0,0.19,0.19,0.37,0.19,0.37,1.3,1.3,0.8,2.1,0.24,0.15,0.39,0.24,0.39,Matches
301,Javi López,es ESP,"DF,MF",Alavés,18,2002,9,1,248,2.8,0,0,0,0,0,1,1,0,0,0,0,0,0.1,0.1,0.1,0.2,0.03,0.04,0.07,0.03,0.07,Matches
302,Roberto López,es ESP,"MF,FW",Real Sociedad,20,2000,17,4,505,5.6,3,0,3,0,0,0,0,0.53,0,0.53,0.53,0.53,1,1,1.7,2.7,0.17,0.3,0.47,0.17,0.47,Matches
303,Unai López,es ESP,MF,Athletic Club,24,1995,26,15,"1,424",15.8,3,0,3,0,0,7,0,0.19,0,0.19,0.19,0.19,1.2,1.2,1.2,2.4,0.08,0.08,0.15,0.08,0.15,Matches
304,Anthony Lozano,hn HON,"FW,MF",Cádiz,27,1993,29,18,"1,523",16.9,3,1,3,0,0,5,0,0.18,0.06,0.24,0.18,0.24,5.4,5.4,1,6.3,0.32,0.06,0.37,0.32,0.37,Matches
305,Jeison Lucumí,co COL,"FW,MF",Elche,25,1995,2,1,49,0.5,0,0,0,0,0,0,0,0,0,0,0,0,0,0,0,0,0,0,0,0,0,Matches
306,José Luis Gayà,es ESP,DF,Valencia,25,1995,33,32,"2,846",31.6,1,7,1,0,0,6,0,0.03,0.22,0.25,0.03,0.25,1.9,1.9,4.7,6.6,0.06,0.15,0.21,0.06,0.21,Matches
307,José Luis Morales,es ESP,"FW,MF",Levante,33,1987,38,30,"2,439",27.1,13,3,13,0,1,3,0,0.48,0.11,0.59,0.48,0.59,8.3,7.5,3.6,11.1,0.31,0.13,0.44,0.28,0.41,Matches
308,Luisinho,pt POR,DF,Huesca,35,1985,5,2,179,2,0,0,0,0,0,1,0,0,0,0,0,0,0,0,0,0,0.01,0,0.01,0.01,0.01,Matches
309,Luismi,es ESP,"MF,DF",Elche,28,1992,11,2,168,1.9,0,0,0,0,0,0,0,0,0,0,0,0,0,0,0,0,0,0,0,0,0,Matches
310,Darwin Machís,ve VEN,"FW,MF",Granada,27,1993,32,21,"2,026",22.5,4,5,4,0,1,1,0,0.18,0.22,0.4,0.18,0.4,4.9,4.1,4.2,8.3,0.22,0.19,0.4,0.18,0.37,Matches
311,Pablo Maffeo,es ESP,DF,Huesca,23,1997,25,25,"1,964",21.8,1,4,1,0,0,4,0,0.05,0.18,0.23,0.05,0.23,0.7,0.7,2,2.6,0.03,0.09,0.12,0.03,0.12,Matches
312,Abdallahi Mahmoud,mr MTN,MF,Alavés,20,2000,2,1,66,0.7,0,0,0,0,0,0,0,0,0,0,0,0,0,0,0,0,0,0.02,0.02,0,0.02,Matches
313,Nemanja Maksimovi_,rs SRB,MF,Getafe,25,1995,35,34,"2,728",30.3,1,0,1,0,0,5,0,0.03,0,0.03,0.03,0.03,1.8,1.8,1.1,3,0.06,0.04,0.1,0.06,0.1,Matches
314,Filip Malba_i_,rs SRB,"FW,MF",Cádiz,27,1992,28,8,860,9.6,0,1,0,0,0,2,0,0,0.1,0.1,0,0.1,0.6,0.6,0,0.6,0.06,0,0.06,0.06,0.06,Matches
315,Hugo Mallo,es ESP,DF,Celta Vigo,29,1991,31,30,"2,602",28.9,3,1,3,0,0,8,0,0.1,0.03,0.14,0.1,0.14,1.5,1.5,2.3,3.8,0.05,0.08,0.13,0.05,0.13,Matches
316,Mickael Malsa,mq MTQ,MF,Levante,24,1995,35,25,"2,338",26,1,0,1,0,0,5,0,0.04,0,0.04,0.04,0.04,1.6,1.6,0.4,2,0.06,0.02,0.08,0.06,0.08,Matches
317,Aïssa Mandi,dz ALG,DF,Betis,28,1991,28,27,"2,392",26.6,3,1,3,0,0,6,2,0.11,0.04,0.15,0.11,0.15,2.3,2.3,0.1,2.4,0.09,0.01,0.09,0.09,0.09,Matches
318,Eliaquim Mangala,fr FRA,DF,Valencia,29,1991,7,4,321,3.6,0,0,0,0,0,1,0,0,0,0,0,0,0.5,0.5,0,0.5,0.15,0,0.15,0.15,0.15,Matches
319,Maranhão,br BRA,FW,Valladolid,23,1996,23,11,"1,177",13.1,4,1,4,0,0,3,0,0.31,0.08,0.38,0.31,0.38,3.8,3.8,0.6,4.4,0.29,0.05,0.33,0.29,0.33,Matches
320,Marcelo,br BRA,DF,Real Madrid,32,1988,16,12,"1,050",11.7,0,2,0,0,0,3,0,0,0.17,0.17,0,0.17,0.4,0.4,1.2,1.6,0.04,0.1,0.13,0.04,0.13,Matches
321,Iván Marcone,ar ARG,MF,Elche,30,1990,33,30,"2,645",29.4,0,0,0,0,0,10,1,0,0,0,0,0,0.1,0.1,0.6,0.7,0,0.02,0.02,0,0.02,Matches
322,Óscar de Marcos,es ESP,"DF,MF",Athletic Club,31,1989,25,17,"1,520",16.9,1,2,1,0,0,2,0,0.06,0.12,0.18,0.06,0.18,1.3,1.3,1.8,3.1,0.08,0.11,0.19,0.08,0.19,Matches
323,José Mari,es ESP,MF,Cádiz,32,1987,22,18,"1,451",16.1,1,0,0,1,1,5,0,0.06,0,0.06,0,0,1.2,0.4,0.4,0.8,0.07,0.03,0.1,0.02,0.05,Matches
324,José María Giménez,uy URU,DF,Atlético Madrid,25,1995,21,20,"1,765",19.6,0,0,0,0,0,5,0,0,0,0,0,0,0.9,0.9,0.2,1.1,0.05,0.01,0.06,0.05,0.06,Matches
325,Mariano,do DOM,FW,Real Madrid,26,1993,16,5,513,5.7,1,0,1,0,0,0,0,0.18,0,0.18,0.18,0.18,1.5,1.5,0.2,1.6,0.26,0.03,0.28,0.26,0.28,Matches
326,Adrián Marín,es ESP,"DF,FW",Granada,23,1997,9,3,269,3,0,1,0,0,0,1,0,0,0.33,0.33,0,0.33,0.1,0.1,0.1,0.2,0.03,0.04,0.07,0.03,0.07,Matches
327,Adrián Marín,es ESP,"DF,MF",Alavés,23,1997,5,1,93,1,0,0,0,0,0,0,0,0,0,0,0,0,0.1,0.1,0.5,0.6,0.07,0.52,0.58,0.07,0.58,Matches
328,Roger Martí,es ESP,FW,Levante,29,1991,33,26,"2,198",24.4,12,4,10,2,4,4,0,0.49,0.16,0.66,0.41,0.57,9.3,6.3,2.5,8.8,0.38,0.1,0.48,0.26,0.36,Matches
329,Aarón Martín,es ESP,DF,Celta Vigo,23,1997,19,17,"1,540",17.1,0,3,0,0,0,1,0,0,0.18,0.18,0,0.18,0.2,0.2,1.2,1.4,0.01,0.07,0.08,0.01,0.08,Matches
330,Álex Martín,es ESP,DF,Cádiz,22,1998,2,1,96,1.1,0,0,0,0,0,0,0,0,0,0,0,0,0,0,0,0,0,0,0,0,0,Matches
331,Iñigo Martínez,es ESP,DF,Athletic Club,29,1991,28,28,"2,519",28,1,0,1,0,0,9,1,0.04,0,0.04,0.04,0.04,1.3,1.3,0.6,2,0.05,0.02,0.07,0.05,0.07,Matches
332,Javi Martínez,es ESP,"MF,FW",Osasuna,20,1999,13,6,460,5.1,1,1,1,0,0,1,0,0.2,0.2,0.39,0.2,0.39,0.6,0.6,0.5,1.1,0.11,0.1,0.21,0.11,0.21,Matches
333,Marvin,es ESP,"DF,FW",Real Madrid,20,2000,4,2,133,1.5,0,1,0,0,0,0,0,0,0.68,0.68,0,0.68,0.2,0.2,0.2,0.4,0.11,0.13,0.24,0.11,0.24,Matches
334,Jordi Masip,es ESP,GK,Valladolid,31,1989,25,25,"2,250",25,0,0,0,0,0,3,0,0,0,0,0,0,0,0,0,0,0,0,0,0,0,Matches
335,Jaime Mata,es ESP,FW,Getafe,31,1988,33,23,"2,037",22.6,5,0,4,1,2,9,1,0.22,0,0.22,0.18,0.18,6.6,5.1,1.2,6.3,0.29,0.05,0.34,0.23,0.28,Matches
336,Borja Mayoral,es ESP,FW,Real Madrid,23,1997,2,0,23,0.3,0,0,0,0,0,0,0,0,0,0,0,0,0,0,0,0,0,0,0,0,0,Matches
337,Gonzalo Melero,es ESP,"MF,FW",Levante,26,1994,29,21,"1,853",20.6,7,1,7,0,0,4,0,0.34,0.05,0.39,0.34,0.39,3.1,3.1,1.7,4.8,0.15,0.08,0.23,0.15,0.23,Matches
338,Brais Méndez,es ESP,"MF,FW",Celta Vigo,23,1997,34,30,"2,671",29.7,9,0,8,1,1,8,0,0.3,0,0.3,0.27,0.27,7.5,6.7,2,8.7,0.25,0.07,0.32,0.23,0.29,Matches
339,Édgar Méndez,es ESP,"MF,FW",Alavés,30,1990,33,26,"2,090",23.2,5,1,5,0,0,12,1,0.22,0.04,0.26,0.22,0.26,5.4,5.4,1.4,6.9,0.23,0.06,0.3,0.23,0.3,Matches
340,Eñaut Mendía,es ESP,FW,Eibar,21,1999,1,1,61,0.7,0,0,0,0,0,1,0,0,0,0,0,0,0,0,0,0,0.02,0,0.02,0.02,0.02,Matches
341,Ferland Mendy,fr FRA,DF,Real Madrid,25,1995,26,24,"2,208",24.5,1,0,1,0,0,3,0,0.04,0,0.04,0.04,0.04,0.6,0.6,1.7,2.3,0.02,0.07,0.09,0.02,0.09,Matches
342,Mikel Merino,es ESP,MF,Real Sociedad,24,1996,26,25,"2,154",23.9,2,4,2,0,0,5,0,0.08,0.17,0.25,0.08,0.25,3.7,3.7,2.1,5.8,0.16,0.09,0.24,0.16,0.24,Matches
343,Martín Merquelanz,es ESP,"FW,MF",Real Sociedad,25,1995,13,4,549,6.1,0,1,0,0,0,0,0,0,0.16,0.16,0,0.16,1.1,1.1,1.8,2.9,0.19,0.29,0.47,0.19,0.47,Matches
344,Roque Mesa,es ESP,MF,Valladolid,31,1989,25,21,"1,761",19.6,1,0,0,1,1,4,1,0.05,0,0.05,0,0,1.7,0.9,1.1,2,0.08,0.06,0.14,0.05,0.1,Matches
345,Lionel Messi,ar ARG,"FW,MF",Barcelona,33,1987,35,33,"3,023",33.6,30,9,27,3,5,4,0,0.89,0.27,1.16,0.8,1.07,23.6,19.5,10.8,30.3,0.7,0.32,1.03,0.58,0.9,Matches
346,Omenuke Mfulu,cd COD,MF,Elche,26,1994,20,9,789,8.8,0,0,0,0,0,4,0,0,0,0,0,0,0.1,0.1,0,0.1,0.01,0,0.01,0.01,0.01,Matches
347,Míchel,es ESP,MF,Valladolid,32,1988,22,10,946,10.5,2,0,2,0,0,3,0,0.19,0,0.19,0.19,0.19,0.6,0.6,0.8,1.3,0.05,0.07,0.13,0.05,0.13,Matches
348,Éder Militão,br BRA,DF,Real Madrid,22,1998,14,13,"1,133",12.6,1,0,1,0,0,3,1,0.08,0,0.08,0.08,0.08,1.1,1.1,0,1.1,0.09,0,0.09,0.09,0.09,Matches
349,Luis Milla,es ESP,MF,Granada,25,1994,16,14,"1,253",13.9,1,1,1,0,0,1,0,0.07,0.07,0.14,0.07,0.14,0.5,0.5,2.1,2.6,0.04,0.15,0.19,0.04,0.19,Matches
350,Pere Milla,es ESP,"FW,MF",Elche,27,1992,32,22,"1,981",22,4,3,4,0,0,6,0,0.18,0.14,0.32,0.18,0.32,5.6,5.6,1.7,7.3,0.26,0.08,0.33,0.26,0.33,Matches
351,Alejandro Millán,es ESP,FW,Villarreal,20,1999,1,0,2,0,0,0,0,0,0,0,0,0,0,0,0,0,0,0,0,0,0,0,0,0,0,Matches
352,Santi Mina,es ESP,FW,Celta Vigo,24,1995,34,29,"2,412",26.8,12,3,11,1,1,4,0,0.45,0.11,0.56,0.41,0.52,8.8,8,1.5,9.5,0.33,0.05,0.38,0.3,0.35,Matches
353,Óscar Mingueza,es ESP,DF,Barcelona,21,1999,27,23,"1,901",21.1,2,2,2,0,0,4,0,0.09,0.09,0.19,0.09,0.19,1,1,1,2,0.05,0.05,0.09,0.05,0.09,Matches
354,Rafa Mir,es ESP,FW,Huesca,23,1997,38,32,"2,877",32,13,1,11,2,3,2,0,0.41,0.03,0.44,0.34,0.38,13.6,11.4,1.8,13.2,0.43,0.06,0.48,0.36,0.41,Matches
355,Jorge Miramón,es ESP,DF,Levante,31,1989,26,19,"1,732",19.2,0,3,0,0,0,1,0,0,0.16,0.16,0,0.16,0.7,0.7,1.3,2,0.04,0.07,0.1,0.04,0.1,Matches
356,Juan Miranda,es ESP,DF,Betis,20,2000,22,18,"1,652",18.4,1,2,1,0,0,4,0,0.05,0.11,0.16,0.05,0.16,0.6,0.6,1.3,1.9,0.03,0.07,0.1,0.03,0.1,Matches
357,Luka Modri_,hr CRO,MF,Real Madrid,34,1985,35,32,"2,733",30.4,5,3,5,0,0,4,0,0.16,0.1,0.26,0.16,0.26,2.8,2.8,4.1,6.9,0.09,0.14,0.23,0.09,0.23,Matches
358,Johan Mojica,co COL,DF,Elche,27,1992,17,14,"1,204",13.4,0,0,0,0,0,3,0,0,0,0,0,0,0.1,0.1,0.8,0.9,0.01,0.06,0.07,0.01,0.07,Matches
359,Guillem Molina,es ESP,DF,Valencia,20,2000,2,1,153,1.7,0,0,0,0,0,1,0,0,0,0,0,0,0,0,0,0,0,0,0,0,0,Matches
360,Jorge Molina,es ESP,"FW,MF",Granada,38,1982,33,17,"1,615",17.9,8,2,8,0,1,3,0,0.45,0.11,0.56,0.45,0.56,5,4.3,2.2,6.5,0.28,0.12,0.4,0.24,0.36,Matches
361,Victor Mollejo,es ESP,"MF,DF",Getafe,19,2001,4,0,72,0.8,0,0,0,0,0,0,0,0,0,0,0,0,0,0,0.1,0.1,0,0.08,0.08,0,0.08,Matches
362,Jon Moncayola,es ESP,MF,Osasuna,22,1998,36,28,"2,660",29.6,2,0,2,0,0,7,1,0.07,0,0.07,0.07,0.07,1.5,1.5,1.3,2.7,0.05,0.04,0.09,0.05,0.09,Matches
363,Nacho Monreal,es ESP,DF,Real Sociedad,34,1986,26,23,"2,082",23.1,1,1,1,0,0,1,0,0.04,0.04,0.09,0.04,0.09,0.8,0.8,1.2,2,0.03,0.05,0.08,0.03,0.08,Matches
364,Ángel Montoro,es ESP,MF,Granada,32,1988,22,17,"1,362",15.1,1,1,0,1,1,6,0,0.07,0.07,0.13,0,0.07,1.4,0.7,1.6,2.3,0.09,0.11,0.2,0.04,0.15,Matches
365,Martín Montoya,es ESP,DF,Betis,29,1991,5,2,239,2.7,0,0,0,0,0,0,1,0,0,0,0,0,0,0,0.3,0.4,0.02,0.13,0.15,0.02,0.15,Matches
366,Emre Mor,tr TUR,"FW,MF",Celta Vigo,23,1997,11,6,500,5.6,0,0,0,0,0,2,0,0,0,0,0,0,0.3,0.3,0.2,0.5,0.06,0.03,0.1,0.06,0.1,Matches
367,Jon Morcillo,es ESP,"MF,FW",Athletic Club,21,1998,30,16,"1,363",15.1,2,2,2,0,0,3,0,0.13,0.13,0.26,0.13,0.26,1.5,1.5,2.9,4.4,0.1,0.19,0.29,0.1,0.29,Matches
368,Alberto Moreno,es ESP,DF,Villarreal,28,1992,5,2,193,2.1,0,0,0,0,0,0,0,0,0,0,0,0,0.3,0.3,0,0.3,0.12,0,0.12,0.12,0.12,Matches
369,Álex Moreno,es ESP,DF,Betis,27,1993,23,20,"1,786",19.8,0,2,0,0,0,4,0,0,0.1,0.1,0,0.1,0.8,0.8,2.1,2.8,0.04,0.1,0.14,0.04,0.14,Matches
370,Gerard Moreno,es ESP,"FW,MF",Villarreal,28,1992,33,30,"2,673",29.7,23,7,13,10,10,3,0,0.77,0.24,1.01,0.44,0.67,19.1,11.6,7.6,19.2,0.64,0.25,0.9,0.39,0.65,Matches
371,Tete Morente,es ESP,"MF,FW",Elche,23,1996,30,23,"2,019",22.4,2,5,2,0,0,5,0,0.09,0.22,0.31,0.09,0.31,2.4,2.4,2.4,4.8,0.11,0.11,0.21,0.11,0.21,Matches
372,Loren Morón,es ESP,"FW,MF",Betis,26,1993,26,9,991,11,1,0,1,0,0,2,0,0.09,0,0.09,0.09,0.09,2.4,2.4,0.4,2.8,0.22,0.03,0.25,0.22,0.25,Matches
373,Pedro Mosquera,es ESP,MF,Huesca,32,1988,27,24,"2,050",22.8,0,0,0,0,0,1,0,0,0,0,0,0,0.3,0.3,0.6,0.9,0.01,0.03,0.04,0.01,0.04,Matches
374,Javi Moyano,es ESP,DF,Valladolid,34,1986,2,2,103,1.1,0,0,0,0,0,0,0,0,0,0,0,0,0,0,0,0,0,0,0,0,0,Matches
375,Iker Muniain,es ESP,"MF,FW",Athletic Club,27,1992,28,23,"1,943",21.6,5,3,5,0,0,1,0,0.23,0.14,0.37,0.23,0.37,3.9,3.9,3,6.9,0.18,0.14,0.32,0.18,0.32,Matches
376,Aihen Muñoz,es ESP,DF,Real Sociedad,22,1997,16,14,"1,210",13.4,0,1,0,0,0,6,0,0,0.07,0.07,0,0.07,0.3,0.3,0.6,0.9,0.02,0.05,0.07,0.02,0.07,Matches
377,Joaquín Muñoz,es ESP,FW,Huesca,21,1999,3,0,41,0.5,0,0,0,0,0,0,0,0,0,0,0,0,0,0,0,0,0.05,0.02,0.07,0.05,0.07,Matches
378,Jeison Murillo,co COL,DF,Celta Vigo,28,1992,31,31,"2,699",30,2,0,2,0,0,11,1,0.07,0,0.07,0.07,0.07,0.5,0.5,0.2,0.6,0.02,0.01,0.02,0.02,0.02,Matches
379,Yunus Musah,us USA,MF,Valencia,17,2002,32,17,"1,530",17,1,0,1,0,0,2,0,0.06,0,0.06,0.06,0.06,0.7,0.7,0.8,1.5,0.04,0.04,0.09,0.04,0.09,Matches
380,Yoshinori Mut_,jp JPN,"FW,MF",Eibar,28,1992,26,13,"1,122",12.5,1,1,1,0,0,1,0,0.08,0.08,0.16,0.08,0.16,2,2,1.1,3.1,0.16,0.09,0.25,0.16,0.25,Matches
381,Nacho,es ESP,DF,Real Madrid,30,1990,24,22,"2,000",22.2,1,0,1,0,0,8,0,0.05,0,0.05,0.05,0.05,1.5,1.5,0.4,1.9,0.07,0.02,0.09,0.07,0.09,Matches
382,Nacho,es ESP,DF,Valladolid,31,1989,23,21,"1,813",20.1,0,1,0,0,0,3,1,0,0.05,0.05,0,0.05,0.3,0.3,1.6,1.9,0.02,0.08,0.09,0.02,0.09,Matches
383,Nano,es ESP,FW,Cádiz,25,1995,1,0,9,0.1,0,0,0,0,0,0,0,0,0,0,0,0,0,0,0,0,0,0,0,0,0,Matches
384,Roberto Navarro,es ESP,MF,Real Sociedad,18,2002,1,0,35,0.4,0,0,0,0,0,0,0,0,0,0,0,0,0,0,0,0,0,0.07,0.07,0,0.07,Matches
385,Ximo Navarro,es ESP,DF,Alavés,30,1990,31,28,"2,375",26.4,1,1,1,0,0,6,0,0.04,0.04,0.08,0.04,0.08,0.3,0.3,1,1.3,0.01,0.04,0.05,0.01,0.05,Matches
386,Jesús Navas,es ESP,DF,Sevilla,34,1985,34,34,"2,827",31.4,0,6,0,0,0,4,0,0,0.19,0.19,0,0.19,1,1,5.3,6.3,0.03,0.17,0.2,0.03,0.2,Matches
387,Raúl Navas,es ESP,DF,Osasuna,32,1988,2,2,168,1.9,0,0,0,0,0,0,0,0,0,0,0,0,0,0,0,0,0,0.01,0.01,0,0.01,Matches
388,Álvaro Negredo,es ESP,FW,Cádiz,34,1985,35,29,"2,198",24.4,8,4,8,0,0,5,1,0.33,0.16,0.49,0.33,0.49,6.3,6.3,3.6,9.9,0.26,0.15,0.4,0.26,0.4,Matches
389,Neto,br BRA,GK,Barcelona,31,1989,7,7,630,7,0,0,0,0,0,0,0,0,0,0,0,0,0,0,0,0,0,0,0,0,0,Matches
390,Carlos Neva,es ESP,DF,Granada,24,1996,22,21,"1,797",20,0,0,0,0,0,1,0,0,0,0,0,0,0.5,0.5,0.1,0.6,0.02,0.01,0.03,0.02,0.03,Matches
391,Mamor Niang,sn SEN,"FW,MF",Getafe,18,2002,1,0,22,0.2,0,0,0,0,0,0,0,0,0,0,0,0,0.1,0.1,0,0.1,0.24,0,0.24,0.24,0.24,Matches
392,Nieto,es ESP,"FW,MF",Cádiz,22,1998,2,0,14,0.2,0,0,0,0,0,0,0,0,0,0,0,0,0.3,0.3,0,0.3,1.73,0,1.73,1.73,1.73,Matches
393,Saúl Ñíguez,es ESP,"MF,DF",Atlético Madrid,25,1994,33,22,"2,033",22.6,2,1,2,0,1,10,0,0.09,0.04,0.13,0.09,0.13,2.7,1.8,2,3.8,0.12,0.09,0.21,0.08,0.17,Matches
394,Nino,es ESP,"MF,FW",Elche,40,1980,16,0,284,3.2,0,0,0,0,0,1,0,0,0,0,0,0,0.3,0.3,0.8,1.1,0.1,0.25,0.35,0.1,0.35,Matches
395,Fernando Niño,es ESP,FW,Villarreal,19,2000,17,8,593,6.6,3,0,3,0,0,1,0,0.46,0,0.46,0.46,0.46,4.3,4.3,0.2,4.5,0.66,0.03,0.69,0.66,0.69,Matches
396,Nolito,es ESP,"MF,FW",Celta Vigo,33,1986,36,35,"2,597",28.9,7,5,7,0,0,7,0,0.24,0.17,0.42,0.24,0.42,6.5,6.5,5.8,12.3,0.23,0.2,0.43,0.23,0.43,Matches
397,Unai Núñez,es ESP,DF,Athletic Club,23,1997,25,23,"2,109",23.4,1,1,1,0,0,6,0,0.04,0.04,0.09,0.04,0.09,1.8,1.8,0.7,2.5,0.08,0.03,0.11,0.08,0.11,Matches
398,Kelechi Nwakali,ng NGA,"MF,FW",Huesca,22,1998,5,1,141,1.6,0,0,0,0,0,1,0,0,0,0,0,0,0,0,0,0,0,0.01,0.01,0,0.01,Matches
399,Allan Nyom,cm CMR,"MF,DF",Getafe,32,1988,31,28,"2,323",25.8,0,2,0,0,0,10,1,0,0.08,0.08,0,0.08,0.6,0.6,2.1,2.7,0.02,0.08,0.11,0.02,0.11,Matches
400,Jan Oblak,si SVN,GK,Atlético Madrid,27,1993,38,38,"3,420",38,0,0,0,0,0,0,0,0,0,0,0,0,0,0,0,0,0,0,0,0,0,Matches
401,Lucas Ocampos,ar ARG,FW,Sevilla,26,1994,34,30,"2,631",29.2,5,4,1,4,5,3,0,0.17,0.14,0.31,0.03,0.17,10.6,6.8,3.6,10.5,0.36,0.12,0.49,0.23,0.36,Matches
402,Álvaro Odriozola,es ESP,DF,Real Madrid,24,1995,13,9,829,9.2,2,0,2,0,0,0,0,0.22,0,0.22,0.22,0.22,0.7,0.7,0.6,1.3,0.08,0.07,0.14,0.08,0.14,Matches
403,Shinji Okazaki,jp JPN,"FW,MF",Huesca,34,1986,25,14,"1,128",12.5,1,1,1,0,0,1,0,0.08,0.08,0.16,0.08,0.16,2,2,0.3,2.3,0.16,0.03,0.18,0.16,0.18,Matches
404,Lucas Olaza,uy URU,DF,Valladolid,26,1994,14,14,"1,260",14,1,1,1,0,0,4,0,0.07,0.07,0.14,0.07,0.14,0.6,0.6,1,1.5,0.04,0.07,0.11,0.04,0.11,Matches
405,Lucas Olaza,uy URU,DF,Celta Vigo,26,1994,18,18,"1,615",17.9,0,2,0,0,0,4,0,0,0.11,0.11,0,0.11,0.4,0.4,2.2,2.6,0.02,0.12,0.14,0.02,0.14,Matches
406,Christian Oliva,uy URU,MF,Valencia,24,1996,9,1,198,2.2,0,2,0,0,0,0,0,0,0.91,0.91,0,0.91,0,0,0.2,0.2,0.01,0.08,0.09,0.01,0.09,Matches
407,Kiko Olivas,es ESP,"DF,MF",Valladolid,31,1988,5,1,177,2,0,0,0,0,0,1,0,0,0,0,0,0,0,0,0,0,0,0,0,0,0,Matches
408,Paulo Oliveira,pt POR,DF,Eibar,28,1992,31,29,"2,641",29.3,0,1,0,0,0,4,0,0,0.03,0.03,0,0.03,0.6,0.6,0.2,0.7,0.02,0.01,0.02,0.02,0.02,Matches
409,Mathías Olivera,uy URU,DF,Getafe,22,1997,31,30,"2,614",29,0,0,0,0,0,6,0,0,0,0,0,0,2.4,2.4,1.7,4.1,0.08,0.06,0.14,0.08,0.14,Matches
410,Javier Ontiveros,es ESP,"FW,MF",Huesca,22,1997,20,10,918,10.2,2,1,1,1,1,5,0,0.2,0.1,0.29,0.1,0.2,1.9,1.1,1.6,2.7,0.18,0.16,0.34,0.11,0.27,Matches
411,Fabián Orellana,cl CHI,"MF,FW",Valladolid,34,1986,30,27,"2,138",23.8,6,2,2,4,4,5,0,0.25,0.08,0.34,0.08,0.17,5.9,2.9,4,6.9,0.25,0.17,0.42,0.12,0.29,Matches
412,Mikel Oyarzabal,es ESP,"FW,MF",Real Sociedad,23,1997,33,30,"2,408",26.8,11,8,5,6,7,1,0,0.41,0.3,0.71,0.19,0.49,10.8,5.5,5.9,11.4,0.41,0.22,0.63,0.2,0.42,Matches
413,Fernando Pacheco,es ESP,GK,Alavés,28,1992,38,37,"3,349",37.2,0,0,0,0,0,1,0,0,0,0,0,0,0,0,0,0,0,0,0,0,0,Matches
414,Jon Pacheco,es ESP,DF,Real Sociedad,19,2001,1,0,32,0.4,0,0,0,0,0,0,0,0,0,0,0,0,0,0,0,0,0.05,0,0.05,0.05,0.05,Matches
415,Helibelton Palacios,co COL,DF,Elche,27,1993,11,8,743,8.3,0,0,0,0,0,0,0,0,0,0,0,0,0,0,0.1,0.1,0,0.02,0.02,0,0.02,Matches
416,Ante Palaversa,hr CRO,MF,Getafe,20,2000,2,0,9,0.1,0,0,0,0,0,0,0,0,0,0,0,0,0,0,0.1,0.1,0,0.57,0.57,0,0.57,Matches
417,Daniel Parejo,es ESP,MF,Villarreal,31,1989,36,36,"3,112",34.6,3,5,3,0,0,4,0,0.09,0.14,0.23,0.09,0.23,1.4,1.4,5.4,6.8,0.04,0.16,0.2,0.04,0.2,Matches
418,Thomas Partey,gh GHA,MF,Atlético Madrid,27,1993,3,2,200,2.2,0,0,0,0,0,1,0,0,0,0,0,0,0.1,0.1,0,0.1,0.05,0,0.05,0.05,0.05,Matches
419,Gabriel Paulista,br BRA,DF,Valencia,29,1990,31,31,"2,716",30.2,4,1,4,0,0,6,0,0.13,0.03,0.17,0.13,0.17,0.9,0.9,0.1,1.1,0.03,0,0.04,0.03,0.04,Matches
420,Alfonso Pedraza,es ESP,DF,Villarreal,24,1996,29,24,"2,093",23.3,1,2,1,0,0,8,0,0.04,0.09,0.13,0.04,0.13,1.8,1.8,4.7,6.5,0.08,0.2,0.28,0.08,0.28,Matches
421,Pedri,es ESP,MF,Barcelona,17,2002,37,28,"2,415",26.8,3,3,3,0,0,2,0,0.11,0.11,0.22,0.11,0.22,3.9,3.8,4.7,8.5,0.15,0.18,0.32,0.14,0.32,Matches
422,Facundo Pellistri,uy URU,"MF,FW",Alavés,18,2001,12,5,542,6,0,0,0,0,0,0,0,0,0,0,0,0,0.3,0.3,0.1,0.4,0.06,0.01,0.07,0.06,0.07,Matches
423,Rubén Peña,es ESP,"DF,MF",Villarreal,29,1991,19,12,"1,116",12.4,1,1,1,0,0,1,0,0.08,0.08,0.16,0.08,0.16,0.5,0.5,0.4,1,0.04,0.04,0.08,0.04,0.08,Matches
424,Pepe,es ESP,DF,Granada,20,2000,3,3,253,2.8,0,0,0,0,0,0,0,0,0,0,0,0,0,0,0,0,0.01,0,0.01,0.01,0.01,Matches
425,Alberto Perea,es ESP,MF,Cádiz,29,1990,27,16,"1,549",17.2,2,3,2,0,0,0,0,0.12,0.17,0.29,0.12,0.29,1.3,1.3,2.4,3.7,0.08,0.14,0.21,0.08,0.21,Matches
426,Iñigo Pérez,es ESP,"MF,DF",Osasuna,32,1988,22,16,"1,347",15,0,0,0,0,0,4,1,0,0,0,0,0,0.4,0.4,0.6,1.1,0.03,0.04,0.07,0.03,0.07,Matches
427,Juan Pérez,es ESP,GK,Osasuna,24,1996,3,3,270,3,0,0,0,0,0,0,0,0,0,0,0,0,0,0,0,0,0,0,0,0,0,Matches
428,Kike Pérez,es ESP,MF,Valladolid,23,1997,24,12,"1,159",12.9,0,0,0,0,0,3,0,0,0,0,0,0,1,1,1,2,0.08,0.08,0.15,0.08,0.15,Matches
429,Lucas Pérez,es ESP,FW,Alavés,31,1988,28,19,"1,759",19.5,4,4,1,3,4,1,0,0.2,0.2,0.41,0.05,0.26,6.5,3.5,4.8,8.3,0.33,0.25,0.58,0.18,0.42,Matches
430,Luis Pérez,es ESP,DF,Valladolid,25,1995,22,15,"1,297",14.4,0,0,0,0,0,1,0,0,0,0,0,0,0.1,0.1,0.4,0.5,0.01,0.03,0.04,0.01,0.04,Matches
431,Nehuén Pérez,ar ARG,DF,Granada,20,2000,14,9,741,8.2,0,0,0,0,0,4,0,0,0,0,0,0,0.7,0.7,0,0.7,0.09,0,0.09,0.09,0.09,Matches
432,Pablo Piatti,ar ARG,"MF,FW",Elche,31,1989,9,3,361,4,0,0,0,0,0,1,0,0,0,0,0,0,0.5,0.5,0.3,0.8,0.12,0.08,0.2,0.12,0.2,Matches
433,Cristiano Piccini,it ITA,DF,Valencia,27,1992,3,0,67,0.7,0,0,0,0,0,0,0,0,0,0,0,0,0,0,0,0,0.02,0,0.02,0.02,0.02,Matches
434,Tomás Pina Isla,es ESP,MF,Alavés,32,1987,33,31,"2,575",28.6,1,1,1,0,0,12,0,0.03,0.03,0.07,0.03,0.07,0.5,0.5,0.6,1.1,0.02,0.02,0.04,0.02,0.04,Matches
435,Yeremi Pino,es ESP,"FW,MF",Villarreal,17,2002,24,6,797,8.9,3,1,3,0,0,4,0,0.34,0.11,0.45,0.34,0.45,1.5,1.5,0.9,2.3,0.16,0.1,0.26,0.16,0.26,Matches
436,Gerard Piqué,es ESP,DF,Barcelona,33,1987,18,18,"1,481",16.5,0,0,0,0,0,4,0,0,0,0,0,0,0.6,0.6,0.5,1.1,0.04,0.03,0.07,0.04,0.07,Matches
437,Miralem Pjani_,ba BIH,MF,Barcelona,30,1990,19,6,627,7,0,0,0,0,0,1,0,0,0,0,0,0,1.2,1.2,1,2.2,0.17,0.14,0.31,0.17,0.31,Matches
438,Óscar Plano,es ESP,"MF,FW",Valladolid,29,1991,36,30,"2,517",28,5,5,5,0,0,1,1,0.18,0.18,0.36,0.18,0.36,4.3,4.3,1.6,5.9,0.15,0.06,0.21,0.15,0.21,Matches
439,Dani Plomer,es ESP,FW,Granada,21,1998,1,0,45,0.5,0,0,0,0,0,0,0,0,0,0,0,0,0,0,0,0,0,0,0,0,0,Matches
440,Jorge Pombo,es ESP,"FW,MF",Cádiz,26,1994,12,5,523,5.8,1,0,1,0,0,1,0,0.17,0,0.17,0.17,0.17,1.3,1.3,0.4,1.7,0.23,0.07,0.29,0.23,0.29,Matches
441,Pere Pons,es ESP,MF,Alavés,27,1993,22,12,"1,186",13.2,2,0,2,0,0,1,0,0.15,0,0.15,0.15,0.15,0.8,0.8,1.5,2.4,0.06,0.12,0.18,0.06,0.18,Matches
442,Francisco Portillo,es ESP,"MF,FW",Getafe,30,1990,16,3,418,4.6,0,1,0,0,0,1,0,0,0.22,0.22,0,0.22,0,0,0.5,0.5,0,0.1,0.1,0,0.1,Matches
443,Portu,es ESP,"FW,MF",Real Sociedad,28,1992,37,24,"2,184",24.3,8,3,8,0,0,3,0,0.33,0.12,0.45,0.33,0.45,5.5,5.5,5.1,10.6,0.23,0.21,0.44,0.23,0.44,Matches
444,Sergio Postigo,es ESP,DF,Levante,31,1988,22,19,"1,623",18,0,0,0,0,0,4,0,0,0,0,0,0,0,0,0,0.1,0,0,0,0,0,Matches
445,Darío Poveda,es ESP,FW,Getafe,23,1997,1,0,5,0.1,0,0,0,0,0,0,0,0,0,0,0,0,0,0,0,0,0,0,0,0,0,Matches
446,Alejandro Pozo Pozo,es ESP,"DF,MF",Eibar,21,1999,30,24,"2,190",24.3,0,0,0,0,0,4,0,0,0,0,0,0,0.3,0.3,0.8,1.1,0.01,0.03,0.04,0.01,0.04,Matches
447,Antonio Puertas,es ESP,"FW,MF",Granada,28,1992,35,22,"2,170",24.1,3,5,3,0,0,6,0,0.12,0.21,0.33,0.12,0.33,4.1,4.1,1.9,6,0.17,0.08,0.25,0.17,0.25,Matches
448,Riqui Puig,es ESP,MF,Barcelona,20,1999,14,2,292,3.2,1,0,1,0,0,1,0,0.31,0,0.31,0.31,0.31,0.3,0.3,0.2,0.5,0.08,0.07,0.16,0.08,0.16,Matches
449,Jorge Pulido,es ESP,DF,Huesca,29,1991,33,32,"2,885",32.1,1,0,1,0,0,6,1,0.03,0,0.03,0.03,0.03,2.6,2.6,0.5,3.2,0.08,0.02,0.1,0.08,0.1,Matches
450,Domingos Quina,pt POR,MF,Granada,20,1999,8,5,341,3.8,2,0,2,0,0,1,0,0.53,0,0.53,0.53,0.53,0.3,0.3,0.1,0.5,0.08,0.04,0.12,0.08,0.12,Matches
451,Quini,es ESP,DF,Granada,30,1989,19,12,"1,191",13.2,1,0,1,0,0,5,0,0.08,0,0.08,0.08,0.08,0.3,0.3,0.3,0.6,0.02,0.02,0.04,0.02,0.04,Matches
452,Quique,es ESP,"FW,MF",Eibar,30,1990,12,0,167,1.9,0,0,0,0,0,0,0,0,0,0,0,0,0.3,0.3,0,0.3,0.16,0,0.16,0.16,0.16,Matches
453,Dani Raba,es ESP,MF,Villarreal,24,1995,5,1,150,1.7,0,0,0,0,0,0,0,0,0,0,0,0,0.4,0.4,0.1,0.4,0.21,0.04,0.25,0.21,0.25,Matches
454,Uro_ Ra_i_,rs SRB,MF,Valencia,22,1998,31,25,"2,187",24.3,1,1,1,0,0,6,0,0.04,0.04,0.08,0.04,0.08,1.6,1.6,0.4,1.9,0.06,0.02,0.08,0.06,0.08,Matches
455,Nemanja Radoja,rs SRB,MF,Levante,27,1993,21,13,"1,121",12.5,0,2,0,0,0,1,0,0,0.16,0.16,0,0.16,0.3,0.3,0.3,0.6,0.02,0.02,0.05,0.02,0.05,Matches
456,Ivan Rakiti_,hr CRO,MF,Sevilla,32,1988,37,25,"2,233",24.8,4,2,2,2,2,5,0,0.16,0.08,0.24,0.08,0.16,5.2,3.7,1.3,5,0.21,0.05,0.26,0.15,0.2,Matches
457,Jonás Ramalho,es ESP,DF,Osasuna,27,1993,5,3,304,3.4,0,0,0,0,0,0,0,0,0,0,0,0,0.1,0.1,0,0.2,0.04,0.01,0.05,0.04,0.05,Matches
458,Sandro Ramírez,es ESP,"FW,MF",Huesca,25,1995,20,16,"1,285",14.3,5,1,5,0,0,2,0,0.35,0.07,0.42,0.35,0.42,2.4,2.4,0.4,2.8,0.17,0.03,0.2,0.17,0.2,Matches
459,Sergio Ramos,es ESP,DF,Real Madrid,34,1986,15,15,"1,275",14.2,2,0,0,2,2,3,0,0.14,0,0.14,0,0,3.8,2.3,0.2,2.5,0.27,0.02,0.28,0.16,0.18,Matches
460,Recio,es ESP,MF,Eibar,29,1991,17,8,734,8.2,1,0,0,1,1,5,0,0.12,0,0.12,0,0,1.2,0.5,0.7,1.2,0.15,0.09,0.24,0.06,0.14,Matches
461,Francisco Reis Ferreira,pt POR,DF,Valencia,23,1997,3,2,181,2,0,0,0,0,0,0,0,0,0,0,0,0,0,0,0,0,0,0,0,0,0,Matches
462,Karim Rekik,nl NED,DF,Sevilla,25,1994,11,6,653,7.3,0,0,0,0,0,2,0,0,0,0,0,0,0.2,0.2,0.1,0.3,0.03,0.02,0.05,0.03,0.05,Matches
463,Álex Remiro,es ESP,GK,Real Sociedad,25,1995,38,38,"3,420",38,0,0,0,0,0,0,0,0,0,0,0,0,0,0,0,0,0,0,0,0,0,Matches
464,Oriol Rey,es ESP,MF,Valladolid,22,1998,1,0,15,0.2,0,0,0,0,0,0,0,0,0,0,0,0,0,0,0,0,0,0,0,0,0,Matches
465,Ricard,es ESP,DF,Atlético Madrid,20,2000,1,0,30,0.3,0,0,0,0,0,0,0,0,0,0,0,0,0,0,0,0,0.07,0,0.07,0.07,0.07,Matches
466,Mikel Rico,es ESP,MF,Huesca,35,1984,32,27,"2,183",24.3,1,4,1,0,0,2,0,0.04,0.16,0.21,0.04,0.21,2.3,2.3,1.5,3.8,0.09,0.06,0.16,0.09,0.16,Matches
467,Emiliano Rigoni,ar ARG,"MF,FW",Elche,27,1993,23,12,"1,139",12.7,1,1,1,0,0,5,0,0.08,0.08,0.16,0.08,0.16,2.6,2.6,1.9,4.4,0.2,0.15,0.35,0.2,0.35,Matches
468,Luis Rioja,es ESP,"MF,DF",Alavés,26,1993,35,25,"2,090",23.2,4,2,4,0,0,4,0,0.17,0.09,0.26,0.17,0.26,3.5,3.5,3.3,6.8,0.15,0.14,0.29,0.15,0.29,Matches
469,Rober,es ESP,"DF,MF",Levante,25,1995,19,16,"1,425",15.8,0,1,0,0,0,3,1,0,0.06,0.06,0,0.06,0.2,0.2,0.7,0.9,0.01,0.05,0.06,0.01,0.06,Matches
470,Roberto,es ESP,GK,Valladolid,34,1986,13,13,"1,170",13,0,0,0,0,0,0,1,0,0,0,0,0,0,0,0,0,0,0,0,0,0,Matches
471,Sergi Roberto,es ESP,"DF,MF",Barcelona,28,1992,15,9,946,10.5,1,2,1,0,0,1,0,0.1,0.19,0.29,0.1,0.29,0.5,0.5,2,2.5,0.05,0.19,0.24,0.05,0.24,Matches
472,Joel Robles,es ESP,GK,Betis,30,1990,18,18,"1,620",18,0,0,0,0,0,2,0,0,0,0,0,0,0,0,0,0,0,0,0,0,0,Matches
473,Rubén Rochina,es ESP,MF,Levante,29,1991,25,17,"1,404",15.6,0,1,0,0,0,5,0,0,0.06,0.06,0,0.06,1.7,1.7,2.1,3.7,0.11,0.13,0.24,0.11,0.24,Matches
474,Rodrigo,es ESP,"FW,MF",Betis,20,2000,15,5,537,6,0,0,0,0,0,0,0,0,0,0,0,0,0.2,0.2,0.5,0.7,0.04,0.09,0.12,0.04,0.12,Matches
475,Kévin Rodrigues,pt POR,"MF,DF",Eibar,26,1994,22,11,"1,095",12.2,1,1,1,0,0,1,0,0.08,0.08,0.16,0.08,0.16,0.6,0.6,0.7,1.3,0.05,0.06,0.1,0.05,0.1,Matches
476,Óscar Rodríguez Arnaiz,es ESP,"MF,FW",Sevilla,22,1998,20,4,511,5.7,0,0,0,0,0,1,0,0,0,0,0,0,0.5,0.5,0.9,1.4,0.08,0.17,0.25,0.08,0.25,Matches
477,Ángel Rodríguez,es ESP,"FW,MF",Getafe,33,1987,33,12,"1,374",15.3,5,0,4,1,2,4,0,0.33,0,0.33,0.26,0.26,5.5,4,0.5,4.5,0.36,0.04,0.4,0.26,0.3,Matches
478,Guido Rodríguez,ar ARG,MF,Betis,26,1994,35,34,"2,864",31.8,1,0,1,0,0,10,0,0.03,0,0.03,0.03,0.03,1.7,1.7,0.7,2.4,0.05,0.02,0.07,0.05,0.07,Matches
479,Miguel Rodríguez,es ESP,"FW,MF",Celta Vigo,17,2003,4,0,30,0.3,0,0,0,0,0,2,0,0,0,0,0,0,0,0,0,0,0,0,0,0,0,Matches
480,Víctor Rodríguez,es ESP,MF,Elche,31,1989,16,2,426,4.7,0,0,0,0,0,1,0,0,0,0,0,0,0,0,0.6,0.6,0,0.12,0.12,0,0.12,Matches
481,Rodrygo,br BRA,FW,Real Madrid,19,2001,22,10,983,10.9,1,6,1,0,0,0,0,0.09,0.55,0.64,0.09,0.64,2.5,2.5,3,5.5,0.23,0.28,0.51,0.23,0.51,Matches
482,Facundo Roncaglia,ar ARG,DF,Osasuna,33,1987,17,14,"1,232",13.7,1,1,1,0,0,3,1,0.07,0.07,0.15,0.07,0.15,0.5,0.5,0.1,0.6,0.04,0.01,0.05,0.04,0.05,Matches
483,Rubén,es ESP,"GK,MF",Osasuna,36,1984,3,3,187,2.1,0,0,0,0,0,0,1,0,0,0,0,0,0,0,0,0,0,0,0,0,0,Matches
484,Waldo Rubio,es ESP,"FW,MF",Valladolid,24,1995,10,5,375,4.2,1,0,0,1,1,1,0,0.24,0,0.24,0,0,1,0.3,0.1,0.4,0.25,0.03,0.27,0.07,0.09,Matches
485,Aitor Ruibal,es ESP,"FW,MF",Betis,24,1996,28,21,"1,593",17.7,2,2,2,0,0,2,0,0.11,0.11,0.23,0.11,0.23,2.6,2.6,2.4,5,0.15,0.14,0.28,0.15,0.28,Matches
486,Isma Ruiz,es ESP,MF,Granada,19,2001,1,1,67,0.7,0,0,0,0,0,0,0,0,0,0,0,0,0,0,0,0,0,0,0,0,0,Matches
487,Víctor Ruiz,es ESP,DF,Betis,31,1989,27,24,"2,157",24,2,0,2,0,0,9,0,0.08,0,0.08,0.08,0.08,1.2,1.2,0.1,1.2,0.05,0,0.05,0.05,0.05,Matches
488,Gerónimo Rulli,ar ARG,GK,Villarreal,28,1992,2,2,180,2,0,0,0,0,0,0,1,0,0,0,0,0,0,0,0,0,0,0,0,0,0,Matches
489,Modibo Sagnan,fr FRA,"DF,MF",Real Sociedad,21,1999,16,7,622,6.9,0,0,0,0,0,3,0,0,0,0,0,0,0.6,0.6,0.2,0.8,0.09,0.03,0.11,0.09,0.11,Matches
490,Borja Sainz,es ESP,"MF,FW",Alavés,19,2001,21,2,453,5,1,0,1,0,0,1,0,0.2,0,0.2,0.2,0.2,1.1,1.1,0.4,1.5,0.22,0.07,0.29,0.22,0.29,Matches
491,Salvi,es ESP,"MF,FW",Cádiz,29,1991,28,25,"1,933",21.5,2,0,2,0,0,5,0,0.09,0,0.09,0.09,0.09,1.9,1.9,1.2,3.1,0.09,0.06,0.14,0.09,0.14,Matches
492,Fede San Emeterio,es ESP,MF,Valladolid,23,1997,24,17,"1,460",16.2,0,0,0,0,0,7,0,0,0,0,0,0,0.1,0.1,0.1,0.2,0,0.01,0.01,0,0.01,Matches
493,Antonio Sanabria,py PAR,FW,Betis,24,1996,16,10,932,10.4,3,0,3,0,0,2,0,0.29,0,0.29,0.29,0.29,4.3,4.3,0.3,4.5,0.41,0.02,0.44,0.41,0.44,Matches
494,Oihan Sancet,es ESP,"FW,MF",Athletic Club,20,2000,24,11,"1,035",11.5,2,2,2,0,0,2,0,0.17,0.17,0.35,0.17,0.35,2.9,2.9,1.2,4.1,0.25,0.11,0.36,0.25,0.36,Matches
495,Juan Sánchez Miño,ar ARG,"DF,MF",Elche,30,1990,9,5,495,5.5,0,0,0,0,0,2,0,0,0,0,0,0,0,0,0,0,0,0,0,0,0,Matches
496,Germán Sánchez,es ESP,DF,Granada,33,1986,34,29,"2,638",29.3,3,1,3,0,0,11,1,0.1,0.03,0.14,0.1,0.14,1.9,1.9,0.1,2,0.07,0,0.07,0.07,0.07,Matches
497,Javi Sánchez,es ESP,DF,Valladolid,23,1997,16,11,921,10.2,0,0,0,0,0,3,0,0,0,0,0,0,0.2,0.2,0.1,0.3,0.02,0.01,0.03,0.02,0.03,Matches
498,Manuel Sánchez,es ESP,DF,Osasuna,19,2000,16,10,976,10.8,0,4,0,0,0,4,0,0,0.37,0.37,0,0.37,0.1,0.1,0.9,1.1,0.01,0.09,0.1,0.01,0.1,Matches
499,Manuel Sánchez,es ESP,DF,Atlético Madrid,19,2000,1,1,49,0.5,0,1,0,0,0,0,0,0,1.84,1.84,0,1.84,0,0,0.3,0.3,0,0.61,0.61,0,0.61,Matches